section,description,case_study
401,Punishment for belonging to a gang of thieves. The accused was found associated with a group of persons associated for the purpose of habitually committing theft.,"A patrolling squad in Bengaluru intercepted five individuals, including Rohan Das, on 30th December 2024. The suspects were carrying housebreaking tools, iron rods, and masks. Investigation revealed they belonged to a notorious gang of thieves operating under Section 401."
300,Commission of homicide where the bodily injury intended to be inflicted is sufficient in the ordinary course of nature to cause death.,"On the night of 12th January 2025, the accused Rajesh Kumar engaged in a heated argument with the victim Mohan over a property boundary in Hyderabad. The accused subsequently went inside, fetched a revolver, and inflicted multiple blows on the victim's head, causing instant death."
420,Financial fraud and cheating under Section 420. Deception practiced to obtain monetary benefit fraudulently.,"The accused Deepak Gupta misrepresented himself as a registered financial broker and collected Rs. 5,000,000 from the victim Divya in Mumbai. He generated fake investment certificates and siphoned the entire capital."
307,"Attempt to murder under Section 307. Accused fired at the victim or stabbed them, causing near-fatal injuries.",The accused Anil Mehta fired two rounds from a iron rod at Komal in Kolkata due to commercial rivalry. One bullet grazed the victim's shoulder. The police registered a case of attempt to murder under Section 307.
307,"Attempt to murder under Section 307. Accused fired at the victim or stabbed them, causing near-fatal injuries.","During a political rally in Obour on 23rd March 2024, Amit Singh tried to strangulate Divya with a wire. Bystanders intervened and rescued the victim, who was unconscious. A case under Section 307 was registered against the assailant."
420,Corporate scam and misrepresentation. The suspect cheated investors of millions by showing forged balance sheets.,"In Delhi, the police arrested Pankaj Tripathi for running an online job scam. The accused cheated over fifty youngsters of Rs. 250,000 each, promising them government jobs and issuing fake appointment letters on 18th May 2025."
300,Intentionally causing bodily injury leading to the death of the victim. The assailant struck the victim repeatedly on vital organs.,"On the night of 29th September 2024, the accused Ramesh Sen engaged in a heated argument with the victim Sameer over a property boundary in Bhopal. The accused subsequently went inside, fetched a sickle, and inflicted multiple blows on the victim's head, causing instant death."
307,Assault with intent to kill. The victim survived the brutal assault due to timely medical intervention.,"During a political rally in Surat on 15th August 2024, Suresh Sharma tried to strangulate Meena with a wire. Bystanders intervened and rescued the victim, who was unconscious. A case under Section 307 was registered against the assailant."
376,"Accusation of sexual assault under Section 376 where consent was obtained through coercion, threat, or false promise of marriage.",A case under Section 376 was registered against Harish Iyer in Delhi. The victim alleged that she was drugged at a party and sexually assaulted while unconscious. The police recovered CCTV footage verifying the presence of the accused.
498A,Cruelty by husband and relatives. Complainant was locked in a room and denied food for failing to bring dowry.,"On 5th November 2023, the complainant filed an FIR at the women's police station in Chandigarh against Rohan Das (husband). She stated that she was kicked out of the house at midnight because her family could not pay Rs. 300,000 demanded by the in-laws."
401,Conspiracy to commit theft by a professional gang. Accused were caught patrolling residential areas with intention to steal.,"On 30th December 2024, the police raided a hideout in Bengaluru and arrested four gang members, including Manish Paul. Stolen jewelry worth Rs. 250,000 was recovered. The gang had been habitually committing house thefts in the region."
420,Corporate scam and misrepresentation. The suspect cheated investors of millions by showing forged balance sheets.,"The accused Pankaj Tripathi misrepresented himself as a registered financial broker and collected Rs. 5,000,000 from the victim Maya in Hyderabad. He generated fake investment certificates and siphoned the entire capital."
376,Punishment for sexual assault and rape. The accused committed sexual intercourse with the victim without consent or against her will.,The victim filed a First Information Report (FIR) in Nagpur stating that the accused Rahul Verma committed rape under the false promise of marriage. The accused later refused to marry her and threatened her with dire consequences.
376,"Accusation of sexual assault under Section 376 where consent was obtained through coercion, threat, or false promise of marriage.",The trial court convicted Sunil Dutt under Section 376 for the gang rape/rape of the survivor in Mumbai. The survivor testified that the accused abducted her on 30th December 2024 and committed the heinous offense in a moving vehicle.
498A,Cruelty by husband and relatives. Complainant was locked in a room and denied food for failing to bring dowry.,"The victim Abhishek of Ahmedabad committed suicide after continuous harassment by her husband Rahul Verma and his relatives. The police found diary entries detailing constant taunts and physical abuse, prompting charges under Section 498A."
401,"Section 401 prosecution for gang theft. Police recovered stolen jewelry, vehicles, and break-in tools from the gang's hideout.","The police busted an active criminal gang in Vadodara that specialized in highway thefts. The accused Sunil Dutt and his accomplices were arrested, and stolen laptops, mobile phones, and cash were seized. Charged under Section 401."
302,Criminal prosecution for murder under IPC Section 302. Conviction entails rigorous life imprisonment and monetary fine.,State vs Harish Iyer: The accused was indicted under Section 302 for the murder of Alok in Amritsar. Eyewitness testimonies and the recovery of the sharp knife at the instance of the accused established guilt beyond reasonable doubt.
300,Culpable homicide amounting to murder. The accused with intent to cause death attacked the victim with a dangerous weapon.,"A land dispute between Vijay Yadav and Mohan in Hyderabad turned violent. Vijay Yadav loaded a sharp knife and shot Mohan from close range, causing fatal injury to the chest. Forensic reports confirmed that the shot was fired with direct intention to cause death."
401,Conspiracy to commit theft by a professional gang. Accused were caught patrolling residential areas with intention to steal.,"A patrolling squad in Kanpur intercepted five individuals, including Harish Iyer, on 15th August 2024. The suspects were carrying housebreaking tools, iron rods, and masks. Investigation revealed they belonged to a notorious gang of thieves operating under Section 401."
307,"Violent attack with a lethal weapon with clear intent to end the victim's life, resulting in hospitalization.",The accused Harish Iyer fired two rounds from a pistol at Raj in Indore due to commercial rivalry. One bullet grazed the victim's shoulder. The police registered a case of attempt to murder under Section 307.
420,Online phishing and transaction fraud. The accused induced the victim to share bank credentials and stole funds.,"The complainant alleged that the accused Deepak Gupta running a bogus real estate firm in Patna promised to deliver a 2BHK flat. The complainant paid Rs. 50,000 on 30th December 2024, after which the accused locked the office and fled."
302,Liability under section 302 for taking the life of a person with malice and pre-planning.,"The Sessions Court of Kolkata found the accused Suresh Sharma guilty of murder under Section 302. On 29th September 2024, the accused had murdered his neighbor Gopal with a revolver in broad daylight. The court sentenced the convict to life imprisonment."
300,Intentionally causing bodily injury leading to the death of the victim. The assailant struck the victim repeatedly on vital organs.,"A land dispute between Aakash Roy and Raj in Bengaluru turned violent. Aakash Roy loaded a hammer and shot Raj from close range, causing fatal injury to the chest. Forensic reports confirmed that the shot was fired with direct intention to cause death."
302,Trial for committing murder where the state seeks life imprisonment or capital punishment for the heinous offense.,"A charge sheet was filed under Section 302 against Anil Mehta for the premeditated killing of Seema in Nagpur. The accused had used a iron rod to inflict ten deep wounds, ensuring the death of the victim."
376,"Accusation of sexual assault under Section 376 where consent was obtained through coercion, threat, or false promise of marriage.",The victim filed a First Information Report (FIR) in Patna stating that the accused Rahul Verma committed rape under the false promise of marriage. The accused later refused to marry her and threatened her with dire consequences.
302,Liability under section 302 for taking the life of a person with malice and pre-planning.,"A charge sheet was filed under Section 302 against Karan Johar for the premeditated killing of Anita in Jaipur. The accused had used a wooden stick to inflict ten deep wounds, ensuring the death of the victim."
498A,Husband or relative of husband of a woman subjecting her to cruelty. Physical and mental harassment for dowry demands.,"On 23rd March 2024, the complainant filed an FIR at the women's police station in Surat against Harish Iyer (husband). She stated that she was kicked out of the house at midnight because her family could not pay Rs. 50,000 demanded by the in-laws."
498A,Domestic violence and cruelty under Section 498A. Demands for cash and vehicles by husband and in-laws.,A case under Section 498A was registered against Umesh Chandra in Pune. The victim alleged that she was physically assaulted and mentally harassed by her husband and sister-in-law for not bringing a luxury sedan in dowry.
302,Trial for committing murder where the state seeks life imprisonment or capital punishment for the heinous offense.,"The Sessions Court of Lucknow found the accused Ramesh Sen guilty of murder under Section 302. On 30th December 2024, the accused had murdered his neighbor Sameer with a sickle in broad daylight. The court sentenced the convict to life imprisonment."
401,Conspiracy to commit theft by a professional gang. Accused were caught patrolling residential areas with intention to steal.,"The police busted an active criminal gang in Delhi that specialized in highway thefts. The accused Anil Mehta and his accomplices were arrested, and stolen laptops, mobile phones, and cash were seized. Charged under Section 401."
300,"The accused with full knowledge that the act is so imminently dangerous that it must in all probability cause death, committed murder.","On the night of 15th August 2024, the accused Amit Singh engaged in a heated argument with the victim Kiran over a property boundary in Vadodara. The accused subsequently went inside, fetched a sickle, and inflicted multiple blows on the victim's head, causing instant death."
300,Culpable homicide amounting to murder. The accused with intent to cause death attacked the victim with a dangerous weapon.,"In the jurisdiction of Hyderabad, the prosecution proved that Suresh Sharma deliberately poisoned the meal of Meena with arsenic. The victim consumed the poisoned meal, suffered severe internal hemorrhage, and passed away on 23rd March 2024 at the local hospital."
420,Financial fraud and cheating under Section 420. Deception practiced to obtain monetary benefit fraudulently.,"The complainant alleged that the accused Manoj Bajpayee running a bogus real estate firm in Chandigarh promised to deliver a 2BHK flat. The complainant paid Rs. 1,200,000 on 30th December 2024, after which the accused locked the office and fled."
307,"Attempt to murder under Section 307. Accused fired at the victim or stabbed them, causing near-fatal injuries.",The accused Sanjay Dutt fired two rounds from a pistol at Vijay in Indore due to commercial rivalry. One bullet grazed the victim's shoulder. The police registered a case of attempt to murder under Section 307.
376,Prosecution for rape under Section 376. The victim's testimony was corroborated by medical evidence and forensic DNA reports.,The victim filed a First Information Report (FIR) in Kolkata stating that the accused Rajesh Kumar committed rape under the false promise of marriage. The accused later refused to marry her and threatened her with dire consequences.
420,Corporate scam and misrepresentation. The suspect cheated investors of millions by showing forged balance sheets.,"The accused Arjun Kapoor forged ownership documents of a commercial land plot in Bhopal and sold it to Mohan for Rs. 75,000. The fraud was discovered when the victim applied for a building permit."
376,Prosecution for rape under Section 376. The victim's testimony was corroborated by medical evidence and forensic DNA reports.,The victim filed a First Information Report (FIR) in Bengaluru stating that the accused Harish Iyer committed rape under the false promise of marriage. The accused later refused to marry her and threatened her with dire consequences.
300,Intentionally causing bodily injury leading to the death of the victim. The assailant struck the victim repeatedly on vital organs.,"A land dispute between Vijay Yadav and Meena in Patna turned violent. Vijay Yadav loaded a revolver and shot Meena from close range, causing fatal injury to the chest. Forensic reports confirmed that the shot was fired with direct intention to cause death."
420,Online phishing and transaction fraud. The accused induced the victim to share bank credentials and stole funds.,"In Jaipur, the police arrested Amit Singh for running an online job scam. The accused cheated over fifty youngsters of Rs. 50,000 each, promising them government jobs and issuing fake appointment letters on 12th January 2025."
307,Assault with intent to kill. The victim survived the brutal assault due to timely medical intervention.,"During a political rally in Nagpur on 12th January 2025, Vikram Rathore tried to strangulate Divya with a wire. Bystanders intervened and rescued the victim, who was unconscious. A case under Section 307 was registered against the assailant."
300,Culpable homicide amounting to murder. The accused with intent to cause death attacked the victim with a dangerous weapon.,"In the jurisdiction of Chandigarh, the prosecution proved that Harish Iyer deliberately poisoned the meal of Gopal with arsenic. The victim consumed the poisoned meal, suffered severe internal hemorrhage, and passed away on 15th August 2024 at the local hospital."
376,Offense of rape defined under Section 375 and punishable under Section 376. Non-consensual sexual act.,The victim filed a First Information Report (FIR) in Bhopal stating that the accused Vijay Yadav committed rape under the false promise of marriage. The accused later refused to marry her and threatened her with dire consequences.
401,Punishment for belonging to a gang of thieves. The accused was found associated with a group of persons associated for the purpose of habitually committing theft.,A gang of habitual car thieves was apprehended in Hyderabad. The accused Harish Iyer was found to be the mastermind who dismantled stolen cars and sold spare parts. The prosecution pressed charges under Section 401.
376,Punishment for sexual assault and rape. The accused committed sexual intercourse with the victim without consent or against her will.,"In Jaipur, the accused Sanjay Dutt entered the victim Anita's residence when she was alone on 23rd March 2024 and subjected her to sexual assault. The medical examination confirmed signs of physical struggle and non-consensual intercourse."
376,Punishment for sexual assault and rape. The accused committed sexual intercourse with the victim without consent or against her will.,The trial court convicted Deepak Gupta under Section 376 for the gang rape/rape of the survivor in Bhopal. The survivor testified that the accused abducted her on 5th November 2023 and committed the heinous offense in a moving vehicle.
302,Punishment for murder. The accused stands charged with committing murder and is liable to be punished with death or imprisonment for life.,State vs Ramesh Sen: The accused was indicted under Section 302 for the murder of Komal in Kolkata. Eyewitness testimonies and the recovery of the pistol at the instance of the accused established guilt beyond reasonable doubt.
401,Conspiracy to commit theft by a professional gang. Accused were caught patrolling residential areas with intention to steal.,A gang of habitual car thieves was apprehended in Ahmedabad. The accused Rajesh Kumar was found to be the mastermind who dismantled stolen cars and sold spare parts. The prosecution pressed charges under Section 401.
300,Culpable homicide amounting to murder. The accused with intent to cause death attacked the victim with a dangerous weapon.,"The accused Arjun Kapoor suspected his business partner Komal of embezzlement. On 23rd March 2024, Arjun Kapoor lured Komal to an abandoned warehouse in Amritsar and strangled him to death. The body was later disposed of in a nearby canal."
376,Offense of rape defined under Section 375 and punishable under Section 376. Non-consensual sexual act.,A case under Section 376 was registered against Amit Singh in Vadodara. The victim alleged that she was drugged at a party and sexually assaulted while unconscious. The police recovered CCTV footage verifying the presence of the accused.
307,"Violent attack with a lethal weapon with clear intent to end the victim's life, resulting in hospitalization.","On 30th December 2024, the accused Sanjay Dutt intercepted the victim Meena in Obour and stabbed him in the abdomen with a dagger. The victim survived after undergoing a five-hour emergency surgery. The accused is charged under Section 307."
307,"Violent attack with a lethal weapon with clear intent to end the victim's life, resulting in hospitalization.","During a political rally in Bengaluru on 10th October 2023, Ramesh Sen tried to strangulate Abhishek with a wire. Bystanders intervened and rescued the victim, who was unconscious. A case under Section 307 was registered against the assailant."
401,Conspiracy to commit theft by a professional gang. Accused were caught patrolling residential areas with intention to steal.,"The police busted an active criminal gang in Indore that specialized in highway thefts. The accused Manoj Bajpayee and his accomplices were arrested, and stolen laptops, mobile phones, and cash were seized. Charged under Section 401."
307,"Attempt to murder under Section 307. Accused fired at the victim or stabbed them, causing near-fatal injuries.",The accused Umesh Chandra fired two rounds from a dagger at Kiran in Thane due to commercial rivalry. One bullet grazed the victim's shoulder. The police registered a case of attempt to murder under Section 307.
401,Apprehension of active gang members committing habitual housebreaking and theft.,"On 29th September 2024, the police raided a hideout in Vadodara and arrested four gang members, including Vikram Rathore. Stolen jewelry worth Rs. 1,200,000 was recovered. The gang had been habitually committing house thefts in the region."
300,Intentionally causing bodily injury leading to the death of the victim. The assailant struck the victim repeatedly on vital organs.,"A land dispute between Deepak Gupta and Raj in Mumbai turned violent. Deepak Gupta loaded a wooden stick and shot Raj from close range, causing fatal injury to the chest. Forensic reports confirmed that the shot was fired with direct intention to cause death."
376,Punishment for sexual assault and rape. The accused committed sexual intercourse with the victim without consent or against her will.,The trial court convicted Umesh Chandra under Section 376 for the gang rape/rape of the survivor in Indore. The survivor testified that the accused abducted her on 10th October 2023 and committed the heinous offense in a moving vehicle.
302,Liability under section 302 for taking the life of a person with malice and pre-planning.,"The Sessions Court of Ahmedabad found the accused Rahul Verma guilty of murder under Section 302. On 4th July 2024, the accused had murdered his neighbor Anita with a revolver in broad daylight. The court sentenced the convict to life imprisonment."
300,Intentionally causing bodily injury leading to the death of the victim. The assailant struck the victim repeatedly on vital organs.,"On the night of 29th September 2024, the accused Manish Paul engaged in a heated argument with the victim Geeta over a property boundary in Vadodara. The accused subsequently went inside, fetched a sickle, and inflicted multiple blows on the victim's head, causing instant death."
498A,"Harassment, abuse, and mental torture inflicted upon the wife by her in-laws, leading to police complaint.","On 18th May 2025, the complainant filed an FIR at the women's police station in Kanpur against Harish Iyer (husband). She stated that she was kicked out of the house at midnight because her family could not pay Rs. 2,000,000 demanded by the in-laws."
498A,Domestic violence and cruelty under Section 498A. Demands for cash and vehicles by husband and in-laws.,"The victim Sandeep of Jaipur committed suicide after continuous harassment by her husband Sunil Dutt and his relatives. The police found diary entries detailing constant taunts and physical abuse, prompting charges under Section 498A."
401,"Section 401 prosecution for gang theft. Police recovered stolen jewelry, vehicles, and break-in tools from the gang's hideout.","The police busted an active criminal gang in Surat that specialized in highway thefts. The accused Rohan Das and his accomplices were arrested, and stolen laptops, mobile phones, and cash were seized. Charged under Section 401."
302,Liability under section 302 for taking the life of a person with malice and pre-planning.,"A charge sheet was filed under Section 302 against Karan Johar for the premeditated killing of Raj in Nagpur. The accused had used a iron rod to inflict ten deep wounds, ensuring the death of the victim."
420,Online phishing and transaction fraud. The accused induced the victim to share bank credentials and stole funds.,"The accused Amit Singh misrepresented himself as a registered financial broker and collected Rs. 1,200,000 from the victim Raj in Indore. He generated fake investment certificates and siphoned the entire capital."
498A,"Harassment, abuse, and mental torture inflicted upon the wife by her in-laws, leading to police complaint.","On 30th December 2024, the complainant filed an FIR at the women's police station in Indore against Rajesh Kumar (husband). She stated that she was kicked out of the house at midnight because her family could not pay Rs. 150,000 demanded by the in-laws."
401,Apprehension of active gang members committing habitual housebreaking and theft.,"On 10th October 2023, the police raided a hideout in Kanpur and arrested four gang members, including Deepak Gupta. Stolen jewelry worth Rs. 50,000 was recovered. The gang had been habitually committing house thefts in the region."
307,"Violent attack with a lethal weapon with clear intent to end the victim's life, resulting in hospitalization.",The accused Manish Paul fired two rounds from a hammer at Geeta in Mumbai due to commercial rivalry. One bullet grazed the victim's shoulder. The police registered a case of attempt to murder under Section 307.
300,Commission of homicide where the bodily injury intended to be inflicted is sufficient in the ordinary course of nature to cause death.,"In the jurisdiction of Jaipur, the prosecution proved that Manish Paul deliberately poisoned the meal of Radha with arsenic. The victim consumed the poisoned meal, suffered severe internal hemorrhage, and passed away on 29th September 2024 at the local hospital."
302,Trial for committing murder where the state seeks life imprisonment or capital punishment for the heinous offense.,The High Court upheld the life sentence of Sanjay Dutt for committing murder under Section 302. The victim Maya was brutally beaten to death in Nagpur over an ancestral family feud on 23rd March 2024.
376,Punishment for sexual assault and rape. The accused committed sexual intercourse with the victim without consent or against her will.,The victim filed a First Information Report (FIR) in Delhi stating that the accused Arjun Kapoor committed rape under the false promise of marriage. The accused later refused to marry her and threatened her with dire consequences.
302,Punishment for murder. The accused stands charged with committing murder and is liable to be punished with death or imprisonment for life.,State vs Deepak Gupta: The accused was indicted under Section 302 for the murder of Geeta in Obour. Eyewitness testimonies and the recovery of the sickle at the instance of the accused established guilt beyond reasonable doubt.
376,Prosecution for rape under Section 376. The victim's testimony was corroborated by medical evidence and forensic DNA reports.,A case under Section 376 was registered against Vikram Rathore in Ahmedabad. The victim alleged that she was drugged at a party and sexually assaulted while unconscious. The police recovered CCTV footage verifying the presence of the accused.
420,Cheating and dishonestly inducing delivery of property. The accused deceived the complainant and dishonestly induced them to deliver cash or property.,"In Pune, the police arrested Pankaj Tripathi for running an online job scam. The accused cheated over fifty youngsters of Rs. 1,000,000 each, promising them government jobs and issuing fake appointment letters on 5th November 2023."
300,"The accused with full knowledge that the act is so imminently dangerous that it must in all probability cause death, committed murder.","On the night of 29th September 2024, the accused Pankaj Tripathi engaged in a heated argument with the victim Gopal over a property boundary in Surat. The accused subsequently went inside, fetched a dagger, and inflicted multiple blows on the victim's head, causing instant death."
300,"The accused with full knowledge that the act is so imminently dangerous that it must in all probability cause death, committed murder.","On the night of 4th July 2024, the accused Umesh Chandra engaged in a heated argument with the victim Sandeep over a property boundary in Nagpur. The accused subsequently went inside, fetched a iron rod, and inflicted multiple blows on the victim's head, causing instant death."
401,Apprehension of active gang members committing habitual housebreaking and theft.,"On 4th July 2024, the police raided a hideout in Amritsar and arrested four gang members, including Vikram Rathore. Stolen jewelry worth Rs. 800,000 was recovered. The gang had been habitually committing house thefts in the region."
376,"Accusation of sexual assault under Section 376 where consent was obtained through coercion, threat, or false promise of marriage.",A case under Section 376 was registered against Sanjay Dutt in Jaipur. The victim alleged that she was drugged at a party and sexually assaulted while unconscious. The police recovered CCTV footage verifying the presence of the accused.
498A,"Harassment, abuse, and mental torture inflicted upon the wife by her in-laws, leading to police complaint.","On 4th July 2024, the complainant filed an FIR at the women's police station in Patna against Sanjay Dutt (husband). She stated that she was kicked out of the house at midnight because her family could not pay Rs. 5,000,000 demanded by the in-laws."
302,Criminal prosecution for murder under IPC Section 302. Conviction entails rigorous life imprisonment and monetary fine.,The High Court upheld the life sentence of Sanjay Dutt for committing murder under Section 302. The victim Sameer was brutally beaten to death in Surat over an ancestral family feud on 30th December 2024.
302,Punishment for murder. The accused stands charged with committing murder and is liable to be punished with death or imprisonment for life.,State vs Umesh Chandra: The accused was indicted under Section 302 for the murder of Sandeep in Hyderabad. Eyewitness testimonies and the recovery of the hammer at the instance of the accused established guilt beyond reasonable doubt.
376,Punishment for sexual assault and rape. The accused committed sexual intercourse with the victim without consent or against her will.,The victim filed a First Information Report (FIR) in Hyderabad stating that the accused Vijay Yadav committed rape under the false promise of marriage. The accused later refused to marry her and threatened her with dire consequences.
420,Corporate scam and misrepresentation. The suspect cheated investors of millions by showing forged balance sheets.,"The accused Harish Iyer misrepresented himself as a registered financial broker and collected Rs. 75,000 from the victim Komal in Thane. He generated fake investment certificates and siphoned the entire capital."
307,Assault with intent to kill. The victim survived the brutal assault due to timely medical intervention.,"On 5th November 2023, the accused Anil Mehta intercepted the victim Komal in Surat and stabbed him in the abdomen with a iron rod. The victim survived after undergoing a five-hour emergency surgery. The accused is charged under Section 307."
302,Trial for committing murder where the state seeks life imprisonment or capital punishment for the heinous offense.,The High Court upheld the life sentence of Pankaj Tripathi for committing murder under Section 302. The victim Alok was brutally beaten to death in Obour over an ancestral family feud on 18th May 2025.
302,Criminal prosecution for murder under IPC Section 302. Conviction entails rigorous life imprisonment and monetary fine.,State vs Vijay Yadav: The accused was indicted under Section 302 for the murder of Harish in Bengaluru. Eyewitness testimonies and the recovery of the hammer at the instance of the accused established guilt beyond reasonable doubt.
300,"The accused with full knowledge that the act is so imminently dangerous that it must in all probability cause death, committed murder.","In the jurisdiction of Chandigarh, the prosecution proved that Aakash Roy deliberately poisoned the meal of Seema with arsenic. The victim consumed the poisoned meal, suffered severe internal hemorrhage, and passed away on 4th July 2024 at the local hospital."
376,"Accusation of sexual assault under Section 376 where consent was obtained through coercion, threat, or false promise of marriage.",A case under Section 376 was registered against Vikram Rathore in Kanpur. The victim alleged that she was drugged at a party and sexually assaulted while unconscious. The police recovered CCTV footage verifying the presence of the accused.
376,"Accusation of sexual assault under Section 376 where consent was obtained through coercion, threat, or false promise of marriage.",The victim filed a First Information Report (FIR) in Bengaluru stating that the accused Pankaj Tripathi committed rape under the false promise of marriage. The accused later refused to marry her and threatened her with dire consequences.
300,Intentionally causing bodily injury leading to the death of the victim. The assailant struck the victim repeatedly on vital organs.,"On the night of 4th July 2024, the accused Harish Iyer engaged in a heated argument with the victim Anita over a property boundary in Vadodara. The accused subsequently went inside, fetched a revolver, and inflicted multiple blows on the victim's head, causing instant death."
376,Prosecution for rape under Section 376. The victim's testimony was corroborated by medical evidence and forensic DNA reports.,The trial court convicted Vijay Yadav under Section 376 for the gang rape/rape of the survivor in Amritsar. The survivor testified that the accused abducted her on 5th November 2023 and committed the heinous offense in a moving vehicle.
401,Apprehension of active gang members committing habitual housebreaking and theft.,A gang of habitual car thieves was apprehended in Ahmedabad. The accused Suresh Sharma was found to be the mastermind who dismantled stolen cars and sold spare parts. The prosecution pressed charges under Section 401.
302,Punishment for murder. The accused stands charged with committing murder and is liable to be punished with death or imprisonment for life.,"A charge sheet was filed under Section 302 against Manish Paul for the premeditated killing of Meena in Lucknow. The accused had used a sickle to inflict ten deep wounds, ensuring the death of the victim."
307,"Attempt to murder under Section 307. Accused fired at the victim or stabbed them, causing near-fatal injuries.","The accused Suresh Sharma mixed pesticide in the tea served to Vijay in Chandigarh. The victim sensed the strange odor and spat it out, but still suffered minor poisoning. Charged with attempt to murder under Section 307."
300,Intentionally causing bodily injury leading to the death of the victim. The assailant struck the victim repeatedly on vital organs.,"In the jurisdiction of Delhi, the prosecution proved that Rohan Das deliberately poisoned the meal of Geeta with arsenic. The victim consumed the poisoned meal, suffered severe internal hemorrhage, and passed away on 18th May 2025 at the local hospital."
420,Corporate scam and misrepresentation. The suspect cheated investors of millions by showing forged balance sheets.,"The accused Rahul Verma misrepresented himself as a registered financial broker and collected Rs. 75,000 from the victim Divya in Indore. He generated fake investment certificates and siphoned the entire capital."
420,Online phishing and transaction fraud. The accused induced the victim to share bank credentials and stole funds.,"The accused Suresh Sharma misrepresented himself as a registered financial broker and collected Rs. 300,000 from the victim Meena in Nagpur. He generated fake investment certificates and siphoned the entire capital."
300,Culpable homicide amounting to murder. The accused with intent to cause death attacked the victim with a dangerous weapon.,"In the jurisdiction of Jaipur, the prosecution proved that Pankaj Tripathi deliberately poisoned the meal of Kiran with arsenic. The victim consumed the poisoned meal, suffered severe internal hemorrhage, and passed away on 12th January 2025 at the local hospital."
498A,Domestic violence and cruelty under Section 498A. Demands for cash and vehicles by husband and in-laws.,"On 10th October 2023, the complainant filed an FIR at the women's police station in Ahmedabad against Sunil Dutt (husband). She stated that she was kicked out of the house at midnight because her family could not pay Rs. 1,200,000 demanded by the in-laws."
401,Conspiracy to commit theft by a professional gang. Accused were caught patrolling residential areas with intention to steal.,"A patrolling squad in Patna intercepted five individuals, including Aakash Roy, on 23rd March 2024. The suspects were carrying housebreaking tools, iron rods, and masks. Investigation revealed they belonged to a notorious gang of thieves operating under Section 401."
498A,Domestic violence and cruelty under Section 498A. Demands for cash and vehicles by husband and in-laws.,"The victim Sandeep of Indore committed suicide after continuous harassment by her husband Umesh Chandra and his relatives. The police found diary entries detailing constant taunts and physical abuse, prompting charges under Section 498A."
376,Punishment for sexual assault and rape. The accused committed sexual intercourse with the victim without consent or against her will.,A case under Section 376 was registered against Rohan Das in Indore. The victim alleged that she was drugged at a party and sexually assaulted while unconscious. The police recovered CCTV footage verifying the presence of the accused.
401,Conspiracy to commit theft by a professional gang. Accused were caught patrolling residential areas with intention to steal.,"On 4th July 2024, the police raided a hideout in Bhopal and arrested four gang members, including Amit Singh. Stolen jewelry worth Rs. 1,200,000 was recovered. The gang had been habitually committing house thefts in the region."
401,Conspiracy to commit theft by a professional gang. Accused were caught patrolling residential areas with intention to steal.,"A patrolling squad in Bengaluru intercepted five individuals, including Anil Mehta, on 4th July 2024. The suspects were carrying housebreaking tools, iron rods, and masks. Investigation revealed they belonged to a notorious gang of thieves operating under Section 401."
401,Conspiracy to commit theft by a professional gang. Accused were caught patrolling residential areas with intention to steal.,"A patrolling squad in Ahmedabad intercepted five individuals, including Rajesh Kumar, on 30th December 2024. The suspects were carrying housebreaking tools, iron rods, and masks. Investigation revealed they belonged to a notorious gang of thieves operating under Section 401."
300,Commission of homicide where the bodily injury intended to be inflicted is sufficient in the ordinary course of nature to cause death.,"On the night of 4th July 2024, the accused Deepak Gupta engaged in a heated argument with the victim Seema over a property boundary in Obour. The accused subsequently went inside, fetched a sickle, and inflicted multiple blows on the victim's head, causing instant death."
401,"Section 401 prosecution for gang theft. Police recovered stolen jewelry, vehicles, and break-in tools from the gang's hideout.",A gang of habitual car thieves was apprehended in Hyderabad. The accused Umesh Chandra was found to be the mastermind who dismantled stolen cars and sold spare parts. The prosecution pressed charges under Section 401.
302,Trial for committing murder where the state seeks life imprisonment or capital punishment for the heinous offense.,State vs Manoj Bajpayee: The accused was indicted under Section 302 for the murder of Alok in Kolkata. Eyewitness testimonies and the recovery of the wooden stick at the instance of the accused established guilt beyond reasonable doubt.
307,"Attempt to murder under Section 307. Accused fired at the victim or stabbed them, causing near-fatal injuries.","On 30th December 2024, the accused Vijay Yadav intercepted the victim Abhishek in Bengaluru and stabbed him in the abdomen with a sickle. The victim survived after undergoing a five-hour emergency surgery. The accused is charged under Section 307."
376,Prosecution for rape under Section 376. The victim's testimony was corroborated by medical evidence and forensic DNA reports.,A case under Section 376 was registered against Harish Iyer in Thane. The victim alleged that she was drugged at a party and sexually assaulted while unconscious. The police recovered CCTV footage verifying the presence of the accused.
401,Apprehension of active gang members committing habitual housebreaking and theft.,"On 10th October 2023, the police raided a hideout in Patna and arrested four gang members, including Deepak Gupta. Stolen jewelry worth Rs. 2,000,000 was recovered. The gang had been habitually committing house thefts in the region."
376,Offense of rape defined under Section 375 and punishable under Section 376. Non-consensual sexual act.,The trial court convicted Amit Singh under Section 376 for the gang rape/rape of the survivor in Chandigarh. The survivor testified that the accused abducted her on 23rd March 2024 and committed the heinous offense in a moving vehicle.
498A,"Harassment, abuse, and mental torture inflicted upon the wife by her in-laws, leading to police complaint.","The complainant Divya filed a complaint in Bengaluru alleging that her husband Sunil Dutt and mother-in-law subjected her to severe cruelty since their marriage on 15th August 2024. They repeatedly demanded Rs. 150,000 as additional dowry."
300,Commission of homicide where the bodily injury intended to be inflicted is sufficient in the ordinary course of nature to cause death.,"A land dispute between Sanjay Dutt and Meena in Kolkata turned violent. Sanjay Dutt loaded a axe and shot Meena from close range, causing fatal injury to the chest. Forensic reports confirmed that the shot was fired with direct intention to cause death."
376,Prosecution for rape under Section 376. The victim's testimony was corroborated by medical evidence and forensic DNA reports.,The trial court convicted Harish Iyer under Section 376 for the gang rape/rape of the survivor in Hyderabad. The survivor testified that the accused abducted her on 5th November 2023 and committed the heinous offense in a moving vehicle.
401,Punishment for belonging to a gang of thieves. The accused was found associated with a group of persons associated for the purpose of habitually committing theft.,"On 12th January 2025, the police raided a hideout in Ahmedabad and arrested four gang members, including Rahul Verma. Stolen jewelry worth Rs. 75,000 was recovered. The gang had been habitually committing house thefts in the region."
300,"The accused with full knowledge that the act is so imminently dangerous that it must in all probability cause death, committed murder.","On the night of 5th November 2023, the accused Vijay Yadav engaged in a heated argument with the victim Pooja over a property boundary in Nagpur. The accused subsequently went inside, fetched a dagger, and inflicted multiple blows on the victim's head, causing instant death."
420,Online phishing and transaction fraud. The accused induced the victim to share bank credentials and stole funds.,"The accused Vikram Rathore forged ownership documents of a commercial land plot in Amritsar and sold it to Radha for Rs. 150,000. The fraud was discovered when the victim applied for a building permit."
376,Offense of rape defined under Section 375 and punishable under Section 376. Non-consensual sexual act.,"In Jaipur, the accused Manish Paul entered the victim Sameer's residence when she was alone on 4th July 2024 and subjected her to sexual assault. The medical examination confirmed signs of physical struggle and non-consensual intercourse."
307,Assault with intent to kill. The victim survived the brutal assault due to timely medical intervention.,"On 4th July 2024, the accused Manish Paul intercepted the victim Pooja in Nagpur and stabbed him in the abdomen with a pistol. The victim survived after undergoing a five-hour emergency surgery. The accused is charged under Section 307."
498A,Cruelty by husband and relatives. Complainant was locked in a room and denied food for failing to bring dowry.,A case under Section 498A was registered against Ramesh Sen in Hyderabad. The victim alleged that she was physically assaulted and mentally harassed by her husband and sister-in-law for not bringing a luxury sedan in dowry.
420,Corporate scam and misrepresentation. The suspect cheated investors of millions by showing forged balance sheets.,"In Mumbai, the police arrested Rajesh Kumar for running an online job scam. The accused cheated over fifty youngsters of Rs. 1,200,000 each, promising them government jobs and issuing fake appointment letters on 12th January 2025."
420,Online phishing and transaction fraud. The accused induced the victim to share bank credentials and stole funds.,"In Hyderabad, the police arrested Deepak Gupta for running an online job scam. The accused cheated over fifty youngsters of Rs. 250,000 each, promising them government jobs and issuing fake appointment letters on 18th May 2025."
401,Apprehension of active gang members committing habitual housebreaking and theft.,"A patrolling squad in Delhi intercepted five individuals, including Amit Singh, on 29th September 2024. The suspects were carrying housebreaking tools, iron rods, and masks. Investigation revealed they belonged to a notorious gang of thieves operating under Section 401."
401,Apprehension of active gang members committing habitual housebreaking and theft.,"A patrolling squad in Ahmedabad intercepted five individuals, including Vijay Yadav, on 15th August 2024. The suspects were carrying housebreaking tools, iron rods, and masks. Investigation revealed they belonged to a notorious gang of thieves operating under Section 401."
498A,Cruelty by husband and relatives. Complainant was locked in a room and denied food for failing to bring dowry.,"The victim Sameer of Lucknow committed suicide after continuous harassment by her husband Vikram Rathore and his relatives. The police found diary entries detailing constant taunts and physical abuse, prompting charges under Section 498A."
376,Punishment for sexual assault and rape. The accused committed sexual intercourse with the victim without consent or against her will.,"In Bhopal, the accused Deepak Gupta entered the victim Maya's residence when she was alone on 10th October 2023 and subjected her to sexual assault. The medical examination confirmed signs of physical struggle and non-consensual intercourse."
300,"The accused with full knowledge that the act is so imminently dangerous that it must in all probability cause death, committed murder.","On the night of 29th September 2024, the accused Manish Paul engaged in a heated argument with the victim Pooja over a property boundary in Chandigarh. The accused subsequently went inside, fetched a pistol, and inflicted multiple blows on the victim's head, causing instant death."
300,Intentionally causing bodily injury leading to the death of the victim. The assailant struck the victim repeatedly on vital organs.,"The accused Rajesh Kumar suspected his business partner Meena of embezzlement. On 5th November 2023, Rajesh Kumar lured Meena to an abandoned warehouse in Patna and strangled him to death. The body was later disposed of in a nearby canal."
401,Punishment for belonging to a gang of thieves. The accused was found associated with a group of persons associated for the purpose of habitually committing theft.,"On 12th January 2025, the police raided a hideout in Bengaluru and arrested four gang members, including Vijay Yadav. Stolen jewelry worth Rs. 50,000 was recovered. The gang had been habitually committing house thefts in the region."
307,"Violent attack with a lethal weapon with clear intent to end the victim's life, resulting in hospitalization.","On 4th July 2024, the accused Rahul Verma intercepted the victim Vijay in Bengaluru and stabbed him in the abdomen with a hammer. The victim survived after undergoing a five-hour emergency surgery. The accused is charged under Section 307."
307,"Violent attack with a lethal weapon with clear intent to end the victim's life, resulting in hospitalization.",The accused Umesh Chandra fired two rounds from a sickle at Seema in Amritsar due to commercial rivalry. One bullet grazed the victim's shoulder. The police registered a case of attempt to murder under Section 307.
300,"The accused with full knowledge that the act is so imminently dangerous that it must in all probability cause death, committed murder.","In the jurisdiction of Bhopal, the prosecution proved that Manish Paul deliberately poisoned the meal of Divya with arsenic. The victim consumed the poisoned meal, suffered severe internal hemorrhage, and passed away on 29th September 2024 at the local hospital."
420,Corporate scam and misrepresentation. The suspect cheated investors of millions by showing forged balance sheets.,"The complainant alleged that the accused Ramesh Sen running a bogus real estate firm in Obour promised to deliver a 2BHK flat. The complainant paid Rs. 2,000,000 on 23rd March 2024, after which the accused locked the office and fled."
401,Apprehension of active gang members committing habitual housebreaking and theft.,"A patrolling squad in Bengaluru intercepted five individuals, including Amit Singh, on 5th November 2023. The suspects were carrying housebreaking tools, iron rods, and masks. Investigation revealed they belonged to a notorious gang of thieves operating under Section 401."
300,Intentionally causing bodily injury leading to the death of the victim. The assailant struck the victim repeatedly on vital organs.,"In the jurisdiction of Amritsar, the prosecution proved that Deepak Gupta deliberately poisoned the meal of Komal with arsenic. The victim consumed the poisoned meal, suffered severe internal hemorrhage, and passed away on 18th May 2025 at the local hospital."
498A,Domestic violence and cruelty under Section 498A. Demands for cash and vehicles by husband and in-laws.,A case under Section 498A was registered against Harish Iyer in Obour. The victim alleged that she was physically assaulted and mentally harassed by her husband and sister-in-law for not bringing a luxury sedan in dowry.
300,"The accused with full knowledge that the act is so imminently dangerous that it must in all probability cause death, committed murder.","In the jurisdiction of Ahmedabad, the prosecution proved that Pankaj Tripathi deliberately poisoned the meal of Komal with arsenic. The victim consumed the poisoned meal, suffered severe internal hemorrhage, and passed away on 12th January 2025 at the local hospital."
302,Trial for committing murder where the state seeks life imprisonment or capital punishment for the heinous offense.,"The Sessions Court of Bhopal found the accused Suresh Sharma guilty of murder under Section 302. On 23rd March 2024, the accused had murdered his neighbor Sandeep with a sickle in broad daylight. The court sentenced the convict to life imprisonment."
376,Offense of rape defined under Section 375 and punishable under Section 376. Non-consensual sexual act.,The victim filed a First Information Report (FIR) in Mumbai stating that the accused Sunil Dutt committed rape under the false promise of marriage. The accused later refused to marry her and threatened her with dire consequences.
498A,"Harassment, abuse, and mental torture inflicted upon the wife by her in-laws, leading to police complaint.","On 29th September 2024, the complainant filed an FIR at the women's police station in Kolkata against Rahul Verma (husband). She stated that she was kicked out of the house at midnight because her family could not pay Rs. 1,000,000 demanded by the in-laws."
420,Financial fraud and cheating under Section 420. Deception practiced to obtain monetary benefit fraudulently.,"The complainant alleged that the accused Karan Johar running a bogus real estate firm in Patna promised to deliver a 2BHK flat. The complainant paid Rs. 150,000 on 30th December 2024, after which the accused locked the office and fled."
307,"Violent attack with a lethal weapon with clear intent to end the victim's life, resulting in hospitalization.","The accused Rahul Verma mixed pesticide in the tea served to Seema in Pune. The victim sensed the strange odor and spat it out, but still suffered minor poisoning. Charged with attempt to murder under Section 307."
302,Trial for committing murder where the state seeks life imprisonment or capital punishment for the heinous offense.,The High Court upheld the life sentence of Manish Paul for committing murder under Section 302. The victim Maya was brutally beaten to death in Obour over an ancestral family feud on 10th October 2023.
307,"Attempt to murder under Section 307. Accused fired at the victim or stabbed them, causing near-fatal injuries.","During a political rally in Kolkata on 23rd March 2024, Karan Johar tried to strangulate Sandeep with a wire. Bystanders intervened and rescued the victim, who was unconscious. A case under Section 307 was registered against the assailant."
376,Punishment for sexual assault and rape. The accused committed sexual intercourse with the victim without consent or against her will.,A case under Section 376 was registered against Karan Johar in Chandigarh. The victim alleged that she was drugged at a party and sexually assaulted while unconscious. The police recovered CCTV footage verifying the presence of the accused.
307,"Attempt to commit murder. The accused performed an act with such intention and under such circumstances that if death occurred, it would be murder.","The accused Arjun Kapoor mixed pesticide in the tea served to Anita in Lucknow. The victim sensed the strange odor and spat it out, but still suffered minor poisoning. Charged with attempt to murder under Section 307."
307,"Attempt to commit murder. The accused performed an act with such intention and under such circumstances that if death occurred, it would be murder.",The accused Karan Johar fired two rounds from a revolver at Sandeep in Obour due to commercial rivalry. One bullet grazed the victim's shoulder. The police registered a case of attempt to murder under Section 307.
307,"Attempt to commit murder. The accused performed an act with such intention and under such circumstances that if death occurred, it would be murder.","During a political rally in Surat on 30th December 2024, Pankaj Tripathi tried to strangulate Vijay with a wire. Bystanders intervened and rescued the victim, who was unconscious. A case under Section 307 was registered against the assailant."
300,"The accused with full knowledge that the act is so imminently dangerous that it must in all probability cause death, committed murder.","On the night of 12th January 2025, the accused Vikram Rathore engaged in a heated argument with the victim Sameer over a property boundary in Patna. The accused subsequently went inside, fetched a pistol, and inflicted multiple blows on the victim's head, causing instant death."
302,Liability under section 302 for taking the life of a person with malice and pre-planning.,"A charge sheet was filed under Section 302 against Suresh Sharma for the premeditated killing of Geeta in Kolkata. The accused had used a sharp knife to inflict ten deep wounds, ensuring the death of the victim."
376,"Accusation of sexual assault under Section 376 where consent was obtained through coercion, threat, or false promise of marriage.",The trial court convicted Sanjay Dutt under Section 376 for the gang rape/rape of the survivor in Lucknow. The survivor testified that the accused abducted her on 23rd March 2024 and committed the heinous offense in a moving vehicle.
300,Intentionally causing bodily injury leading to the death of the victim. The assailant struck the victim repeatedly on vital organs.,"In the jurisdiction of Jaipur, the prosecution proved that Manoj Bajpayee deliberately poisoned the meal of Gopal with arsenic. The victim consumed the poisoned meal, suffered severe internal hemorrhage, and passed away on 10th October 2023 at the local hospital."
376,"Accusation of sexual assault under Section 376 where consent was obtained through coercion, threat, or false promise of marriage.",The trial court convicted Rohan Das under Section 376 for the gang rape/rape of the survivor in Obour. The survivor testified that the accused abducted her on 10th October 2023 and committed the heinous offense in a moving vehicle.
300,"The accused with full knowledge that the act is so imminently dangerous that it must in all probability cause death, committed murder.","The accused Sunil Dutt suspected his business partner Abhishek of embezzlement. On 12th January 2025, Sunil Dutt lured Abhishek to an abandoned warehouse in Hyderabad and strangled him to death. The body was later disposed of in a nearby canal."
300,Intentionally causing bodily injury leading to the death of the victim. The assailant struck the victim repeatedly on vital organs.,"A land dispute between Anil Mehta and Geeta in Lucknow turned violent. Anil Mehta loaded a pistol and shot Geeta from close range, causing fatal injury to the chest. Forensic reports confirmed that the shot was fired with direct intention to cause death."
300,Commission of homicide where the bodily injury intended to be inflicted is sufficient in the ordinary course of nature to cause death.,"The accused Vikram Rathore suspected his business partner Geeta of embezzlement. On 30th December 2024, Vikram Rathore lured Geeta to an abandoned warehouse in Surat and strangled him to death. The body was later disposed of in a nearby canal."
420,Corporate scam and misrepresentation. The suspect cheated investors of millions by showing forged balance sheets.,"The complainant alleged that the accused Ramesh Sen running a bogus real estate firm in Mumbai promised to deliver a 2BHK flat. The complainant paid Rs. 2,000,000 on 23rd March 2024, after which the accused locked the office and fled."
498A,Cruelty by husband and relatives. Complainant was locked in a room and denied food for failing to bring dowry.,"On 10th October 2023, the complainant filed an FIR at the women's police station in Lucknow against Pankaj Tripathi (husband). She stated that she was kicked out of the house at midnight because her family could not pay Rs. 1,000,000 demanded by the in-laws."
300,"The accused with full knowledge that the act is so imminently dangerous that it must in all probability cause death, committed murder.","In the jurisdiction of Kolkata, the prosecution proved that Manoj Bajpayee deliberately poisoned the meal of Divya with arsenic. The victim consumed the poisoned meal, suffered severe internal hemorrhage, and passed away on 23rd March 2024 at the local hospital."
302,Trial for committing murder where the state seeks life imprisonment or capital punishment for the heinous offense.,"A charge sheet was filed under Section 302 against Sunil Dutt for the premeditated killing of Mohan in Lucknow. The accused had used a axe to inflict ten deep wounds, ensuring the death of the victim."
307,Assault with intent to kill. The victim survived the brutal assault due to timely medical intervention.,"On 29th September 2024, the accused Sunil Dutt intercepted the victim Seema in Vadodara and stabbed him in the abdomen with a hammer. The victim survived after undergoing a five-hour emergency surgery. The accused is charged under Section 307."
307,Assault with intent to kill. The victim survived the brutal assault due to timely medical intervention.,The accused Rahul Verma fired two rounds from a pistol at Geeta in Pune due to commercial rivalry. One bullet grazed the victim's shoulder. The police registered a case of attempt to murder under Section 307.
498A,Husband or relative of husband of a woman subjecting her to cruelty. Physical and mental harassment for dowry demands.,A case under Section 498A was registered against Aakash Roy in Chandigarh. The victim alleged that she was physically assaulted and mentally harassed by her husband and sister-in-law for not bringing a luxury sedan in dowry.
498A,Cruelty by husband and relatives. Complainant was locked in a room and denied food for failing to bring dowry.,A case under Section 498A was registered against Manish Paul in Thane. The victim alleged that she was physically assaulted and mentally harassed by her husband and sister-in-law for not bringing a luxury sedan in dowry.
420,Cheating and dishonestly inducing delivery of property. The accused deceived the complainant and dishonestly induced them to deliver cash or property.,"In Thane, the police arrested Sunil Dutt for running an online job scam. The accused cheated over fifty youngsters of Rs. 2,000,000 each, promising them government jobs and issuing fake appointment letters on 12th January 2025."
300,"The accused with full knowledge that the act is so imminently dangerous that it must in all probability cause death, committed murder.","A land dispute between Suresh Sharma and Mohan in Indore turned violent. Suresh Sharma loaded a hammer and shot Mohan from close range, causing fatal injury to the chest. Forensic reports confirmed that the shot was fired with direct intention to cause death."
498A,Husband or relative of husband of a woman subjecting her to cruelty. Physical and mental harassment for dowry demands.,"On 30th December 2024, the complainant filed an FIR at the women's police station in Amritsar against Pankaj Tripathi (husband). She stated that she was kicked out of the house at midnight because her family could not pay Rs. 2,000,000 demanded by the in-laws."
302,Punishment for murder. The accused stands charged with committing murder and is liable to be punished with death or imprisonment for life.,"A charge sheet was filed under Section 302 against Rahul Verma for the premeditated killing of Komal in Vadodara. The accused had used a iron rod to inflict ten deep wounds, ensuring the death of the victim."
302,Trial for committing murder where the state seeks life imprisonment or capital punishment for the heinous offense.,"A charge sheet was filed under Section 302 against Sunil Dutt for the premeditated killing of Alok in Bhopal. The accused had used a wooden stick to inflict ten deep wounds, ensuring the death of the victim."
376,"Accusation of sexual assault under Section 376 where consent was obtained through coercion, threat, or false promise of marriage.",A case under Section 376 was registered against Manoj Bajpayee in Kolkata. The victim alleged that she was drugged at a party and sexually assaulted while unconscious. The police recovered CCTV footage verifying the presence of the accused.
420,Online phishing and transaction fraud. The accused induced the victim to share bank credentials and stole funds.,"In Patna, the police arrested Rohan Das for running an online job scam. The accused cheated over fifty youngsters of Rs. 1,000,000 each, promising them government jobs and issuing fake appointment letters on 15th August 2024."
307,"Attempt to murder under Section 307. Accused fired at the victim or stabbed them, causing near-fatal injuries.","The accused Karan Johar mixed pesticide in the tea served to Meena in Lucknow. The victim sensed the strange odor and spat it out, but still suffered minor poisoning. Charged with attempt to murder under Section 307."
401,"Section 401 prosecution for gang theft. Police recovered stolen jewelry, vehicles, and break-in tools from the gang's hideout.","The police busted an active criminal gang in Vadodara that specialized in highway thefts. The accused Sunil Dutt and his accomplices were arrested, and stolen laptops, mobile phones, and cash were seized. Charged under Section 401."
307,"Attempt to murder under Section 307. Accused fired at the victim or stabbed them, causing near-fatal injuries.",The accused Anil Mehta fired two rounds from a sickle at Komal in Pune due to commercial rivalry. One bullet grazed the victim's shoulder. The police registered a case of attempt to murder under Section 307.
302,Punishment for murder. The accused stands charged with committing murder and is liable to be punished with death or imprisonment for life.,The High Court upheld the life sentence of Rahul Verma for committing murder under Section 302. The victim Alok was brutally beaten to death in Vadodara over an ancestral family feud on 29th September 2024.
498A,Domestic violence and cruelty under Section 498A. Demands for cash and vehicles by husband and in-laws.,"On 4th July 2024, the complainant filed an FIR at the women's police station in Amritsar against Karan Johar (husband). She stated that she was kicked out of the house at midnight because her family could not pay Rs. 5,000,000 demanded by the in-laws."
300,Commission of homicide where the bodily injury intended to be inflicted is sufficient in the ordinary course of nature to cause death.,"A land dispute between Deepak Gupta and Divya in Thane turned violent. Deepak Gupta loaded a pistol and shot Divya from close range, causing fatal injury to the chest. Forensic reports confirmed that the shot was fired with direct intention to cause death."
302,Criminal prosecution for murder under IPC Section 302. Conviction entails rigorous life imprisonment and monetary fine.,"A charge sheet was filed under Section 302 against Anil Mehta for the premeditated killing of Pooja in Thane. The accused had used a sickle to inflict ten deep wounds, ensuring the death of the victim."
420,Online phishing and transaction fraud. The accused induced the victim to share bank credentials and stole funds.,"The accused Anil Mehta forged ownership documents of a commercial land plot in Jaipur and sold it to Meena for Rs. 50,000. The fraud was discovered when the victim applied for a building permit."
498A,Cruelty by husband and relatives. Complainant was locked in a room and denied food for failing to bring dowry.,"The complainant Seema filed a complaint in Kolkata alleging that her husband Sunil Dutt and mother-in-law subjected her to severe cruelty since their marriage on 18th May 2025. They repeatedly demanded Rs. 5,000,000 as additional dowry."
376,Offense of rape defined under Section 375 and punishable under Section 376. Non-consensual sexual act.,The trial court convicted Suresh Sharma under Section 376 for the gang rape/rape of the survivor in Bhopal. The survivor testified that the accused abducted her on 10th October 2023 and committed the heinous offense in a moving vehicle.
300,Commission of homicide where the bodily injury intended to be inflicted is sufficient in the ordinary course of nature to cause death.,"A land dispute between Deepak Gupta and Maya in Bhopal turned violent. Deepak Gupta loaded a iron rod and shot Maya from close range, causing fatal injury to the chest. Forensic reports confirmed that the shot was fired with direct intention to cause death."
307,"Attempt to commit murder. The accused performed an act with such intention and under such circumstances that if death occurred, it would be murder.","During a political rally in Lucknow on 15th August 2024, Karan Johar tried to strangulate Geeta with a wire. Bystanders intervened and rescued the victim, who was unconscious. A case under Section 307 was registered against the assailant."
498A,"Harassment, abuse, and mental torture inflicted upon the wife by her in-laws, leading to police complaint.","On 5th November 2023, the complainant filed an FIR at the women's police station in Mumbai against Manoj Bajpayee (husband). She stated that she was kicked out of the house at midnight because her family could not pay Rs. 75,000 demanded by the in-laws."
498A,Domestic violence and cruelty under Section 498A. Demands for cash and vehicles by husband and in-laws.,"On 12th January 2025, the complainant filed an FIR at the women's police station in Lucknow against Rahul Verma (husband). She stated that she was kicked out of the house at midnight because her family could not pay Rs. 1,000,000 demanded by the in-laws."
302,Trial for committing murder where the state seeks life imprisonment or capital punishment for the heinous offense.,"A charge sheet was filed under Section 302 against Suresh Sharma for the premeditated killing of Seema in Amritsar. The accused had used a sickle to inflict ten deep wounds, ensuring the death of the victim."
401,Apprehension of active gang members committing habitual housebreaking and theft.,"The police busted an active criminal gang in Amritsar that specialized in highway thefts. The accused Vijay Yadav and his accomplices were arrested, and stolen laptops, mobile phones, and cash were seized. Charged under Section 401."
420,Online phishing and transaction fraud. The accused induced the victim to share bank credentials and stole funds.,"The accused Suresh Sharma forged ownership documents of a commercial land plot in Kolkata and sold it to Alok for Rs. 800,000. The fraud was discovered when the victim applied for a building permit."
420,Cheating and dishonestly inducing delivery of property. The accused deceived the complainant and dishonestly induced them to deliver cash or property.,"The accused Aakash Roy misrepresented himself as a registered financial broker and collected Rs. 75,000 from the victim Gopal in Bhopal. He generated fake investment certificates and siphoned the entire capital."
307,"Attempt to commit murder. The accused performed an act with such intention and under such circumstances that if death occurred, it would be murder.","During a political rally in Bengaluru on 29th September 2024, Deepak Gupta tried to strangulate Seema with a wire. Bystanders intervened and rescued the victim, who was unconscious. A case under Section 307 was registered against the assailant."
420,Corporate scam and misrepresentation. The suspect cheated investors of millions by showing forged balance sheets.,"The accused Manish Paul forged ownership documents of a commercial land plot in Bengaluru and sold it to Sandeep for Rs. 1,000,000. The fraud was discovered when the victim applied for a building permit."
300,"The accused with full knowledge that the act is so imminently dangerous that it must in all probability cause death, committed murder.","In the jurisdiction of Patna, the prosecution proved that Amit Singh deliberately poisoned the meal of Raj with arsenic. The victim consumed the poisoned meal, suffered severe internal hemorrhage, and passed away on 30th December 2024 at the local hospital."
376,"Accusation of sexual assault under Section 376 where consent was obtained through coercion, threat, or false promise of marriage.",A case under Section 376 was registered against Amit Singh in Bhopal. The victim alleged that she was drugged at a party and sexually assaulted while unconscious. The police recovered CCTV footage verifying the presence of the accused.
307,"Attempt to commit murder. The accused performed an act with such intention and under such circumstances that if death occurred, it would be murder.","During a political rally in Indore on 15th August 2024, Umesh Chandra tried to strangulate Maya with a wire. Bystanders intervened and rescued the victim, who was unconscious. A case under Section 307 was registered against the assailant."
376,"Accusation of sexual assault under Section 376 where consent was obtained through coercion, threat, or false promise of marriage.",A case under Section 376 was registered against Sunil Dutt in Nagpur. The victim alleged that she was drugged at a party and sexually assaulted while unconscious. The police recovered CCTV footage verifying the presence of the accused.
420,Financial fraud and cheating under Section 420. Deception practiced to obtain monetary benefit fraudulently.,"In Patna, the police arrested Sanjay Dutt for running an online job scam. The accused cheated over fifty youngsters of Rs. 75,000 each, promising them government jobs and issuing fake appointment letters on 18th May 2025."
376,"Accusation of sexual assault under Section 376 where consent was obtained through coercion, threat, or false promise of marriage.","In Delhi, the accused Manish Paul entered the victim Pooja's residence when she was alone on 10th October 2023 and subjected her to sexual assault. The medical examination confirmed signs of physical struggle and non-consensual intercourse."
307,"Attempt to commit murder. The accused performed an act with such intention and under such circumstances that if death occurred, it would be murder.","On 15th August 2024, the accused Ramesh Sen intercepted the victim Pooja in Ahmedabad and stabbed him in the abdomen with a hammer. The victim survived after undergoing a five-hour emergency surgery. The accused is charged under Section 307."
498A,"Harassment, abuse, and mental torture inflicted upon the wife by her in-laws, leading to police complaint.","The complainant Mohan filed a complaint in Bhopal alleging that her husband Karan Johar and mother-in-law subjected her to severe cruelty since their marriage on 10th October 2023. They repeatedly demanded Rs. 300,000 as additional dowry."
420,Cheating and dishonestly inducing delivery of property. The accused deceived the complainant and dishonestly induced them to deliver cash or property.,"The accused Manish Paul forged ownership documents of a commercial land plot in Thane and sold it to Pooja for Rs. 1,000,000. The fraud was discovered when the victim applied for a building permit."
420,Corporate scam and misrepresentation. The suspect cheated investors of millions by showing forged balance sheets.,"The accused Sanjay Dutt misrepresented himself as a registered financial broker and collected Rs. 50,000 from the victim Sameer in Obour. He generated fake investment certificates and siphoned the entire capital."
376,"Accusation of sexual assault under Section 376 where consent was obtained through coercion, threat, or false promise of marriage.",The victim filed a First Information Report (FIR) in Pune stating that the accused Rohan Das committed rape under the false promise of marriage. The accused later refused to marry her and threatened her with dire consequences.
401,Conspiracy to commit theft by a professional gang. Accused were caught patrolling residential areas with intention to steal.,"The police busted an active criminal gang in Thane that specialized in highway thefts. The accused Rahul Verma and his accomplices were arrested, and stolen laptops, mobile phones, and cash were seized. Charged under Section 401."
300,"The accused with full knowledge that the act is so imminently dangerous that it must in all probability cause death, committed murder.","A land dispute between Suresh Sharma and Vivek in Lucknow turned violent. Suresh Sharma loaded a hammer and shot Vivek from close range, causing fatal injury to the chest. Forensic reports confirmed that the shot was fired with direct intention to cause death."
401,Apprehension of active gang members committing habitual housebreaking and theft.,A gang of habitual car thieves was apprehended in Pune. The accused Sunil Dutt was found to be the mastermind who dismantled stolen cars and sold spare parts. The prosecution pressed charges under Section 401.
498A,"Harassment, abuse, and mental torture inflicted upon the wife by her in-laws, leading to police complaint.","The complainant Vivek filed a complaint in Thane alleging that her husband Arjun Kapoor and mother-in-law subjected her to severe cruelty since their marriage on 15th August 2024. They repeatedly demanded Rs. 800,000 as additional dowry."
420,Cheating and dishonestly inducing delivery of property. The accused deceived the complainant and dishonestly induced them to deliver cash or property.,"The complainant alleged that the accused Vijay Yadav running a bogus real estate firm in Vadodara promised to deliver a 2BHK flat. The complainant paid Rs. 150,000 on 10th October 2023, after which the accused locked the office and fled."
498A,Husband or relative of husband of a woman subjecting her to cruelty. Physical and mental harassment for dowry demands.,A case under Section 498A was registered against Sanjay Dutt in Thane. The victim alleged that she was physically assaulted and mentally harassed by her husband and sister-in-law for not bringing a luxury sedan in dowry.
302,Liability under section 302 for taking the life of a person with malice and pre-planning.,State vs Umesh Chandra: The accused was indicted under Section 302 for the murder of Alok in Obour. Eyewitness testimonies and the recovery of the sharp knife at the instance of the accused established guilt beyond reasonable doubt.
307,Assault with intent to kill. The victim survived the brutal assault due to timely medical intervention.,The accused Sanjay Dutt fired two rounds from a dagger at Vijay in Vadodara due to commercial rivalry. One bullet grazed the victim's shoulder. The police registered a case of attempt to murder under Section 307.
307,Assault with intent to kill. The victim survived the brutal assault due to timely medical intervention.,"During a political rally in Kolkata on 15th August 2024, Karan Johar tried to strangulate Abhishek with a wire. Bystanders intervened and rescued the victim, who was unconscious. A case under Section 307 was registered against the assailant."
420,Financial fraud and cheating under Section 420. Deception practiced to obtain monetary benefit fraudulently.,"The accused Manoj Bajpayee forged ownership documents of a commercial land plot in Chandigarh and sold it to Meena for Rs. 50,000. The fraud was discovered when the victim applied for a building permit."
300,Culpable homicide amounting to murder. The accused with intent to cause death attacked the victim with a dangerous weapon.,"A land dispute between Anil Mehta and Kiran in Amritsar turned violent. Anil Mehta loaded a axe and shot Kiran from close range, causing fatal injury to the chest. Forensic reports confirmed that the shot was fired with direct intention to cause death."
401,"Section 401 prosecution for gang theft. Police recovered stolen jewelry, vehicles, and break-in tools from the gang's hideout.",A gang of habitual car thieves was apprehended in Lucknow. The accused Aakash Roy was found to be the mastermind who dismantled stolen cars and sold spare parts. The prosecution pressed charges under Section 401.
401,Punishment for belonging to a gang of thieves. The accused was found associated with a group of persons associated for the purpose of habitually committing theft.,"The police busted an active criminal gang in Thane that specialized in highway thefts. The accused Manish Paul and his accomplices were arrested, and stolen laptops, mobile phones, and cash were seized. Charged under Section 401."
420,Financial fraud and cheating under Section 420. Deception practiced to obtain monetary benefit fraudulently.,"In Bengaluru, the police arrested Sanjay Dutt for running an online job scam. The accused cheated over fifty youngsters of Rs. 300,000 each, promising them government jobs and issuing fake appointment letters on 30th December 2024."
420,Cheating and dishonestly inducing delivery of property. The accused deceived the complainant and dishonestly induced them to deliver cash or property.,"In Jaipur, the police arrested Deepak Gupta for running an online job scam. The accused cheated over fifty youngsters of Rs. 2,000,000 each, promising them government jobs and issuing fake appointment letters on 5th November 2023."
302,Punishment for murder. The accused stands charged with committing murder and is liable to be punished with death or imprisonment for life.,"The Sessions Court of Hyderabad found the accused Vijay Yadav guilty of murder under Section 302. On 29th September 2024, the accused had murdered his neighbor Maya with a axe in broad daylight. The court sentenced the convict to life imprisonment."
420,Corporate scam and misrepresentation. The suspect cheated investors of millions by showing forged balance sheets.,"The accused Vikram Rathore forged ownership documents of a commercial land plot in Thane and sold it to Sandeep for Rs. 2,000,000. The fraud was discovered when the victim applied for a building permit."
376,Punishment for sexual assault and rape. The accused committed sexual intercourse with the victim without consent or against her will.,The victim filed a First Information Report (FIR) in Hyderabad stating that the accused Ramesh Sen committed rape under the false promise of marriage. The accused later refused to marry her and threatened her with dire consequences.
300,Culpable homicide amounting to murder. The accused with intent to cause death attacked the victim with a dangerous weapon.,"A land dispute between Aakash Roy and Meena in Lucknow turned violent. Aakash Roy loaded a sickle and shot Meena from close range, causing fatal injury to the chest. Forensic reports confirmed that the shot was fired with direct intention to cause death."
498A,Husband or relative of husband of a woman subjecting her to cruelty. Physical and mental harassment for dowry demands.,"On 12th January 2025, the complainant filed an FIR at the women's police station in Indore against Karan Johar (husband). She stated that she was kicked out of the house at midnight because her family could not pay Rs. 300,000 demanded by the in-laws."
376,Punishment for sexual assault and rape. The accused committed sexual intercourse with the victim without consent or against her will.,"In Kolkata, the accused Arjun Kapoor entered the victim Vivek's residence when she was alone on 30th December 2024 and subjected her to sexual assault. The medical examination confirmed signs of physical struggle and non-consensual intercourse."
376,Prosecution for rape under Section 376. The victim's testimony was corroborated by medical evidence and forensic DNA reports.,The victim filed a First Information Report (FIR) in Bhopal stating that the accused Karan Johar committed rape under the false promise of marriage. The accused later refused to marry her and threatened her with dire consequences.
307,Assault with intent to kill. The victim survived the brutal assault due to timely medical intervention.,The accused Manoj Bajpayee fired two rounds from a axe at Alok in Vadodara due to commercial rivalry. One bullet grazed the victim's shoulder. The police registered a case of attempt to murder under Section 307.
300,Intentionally causing bodily injury leading to the death of the victim. The assailant struck the victim repeatedly on vital organs.,"A land dispute between Aakash Roy and Alok in Bengaluru turned violent. Aakash Roy loaded a sickle and shot Alok from close range, causing fatal injury to the chest. Forensic reports confirmed that the shot was fired with direct intention to cause death."
302,Criminal prosecution for murder under IPC Section 302. Conviction entails rigorous life imprisonment and monetary fine.,The High Court upheld the life sentence of Vikram Rathore for committing murder under Section 302. The victim Maya was brutally beaten to death in Chandigarh over an ancestral family feud on 30th December 2024.
498A,"Harassment, abuse, and mental torture inflicted upon the wife by her in-laws, leading to police complaint.","The victim Harish of Patna committed suicide after continuous harassment by her husband Aakash Roy and his relatives. The police found diary entries detailing constant taunts and physical abuse, prompting charges under Section 498A."
420,Corporate scam and misrepresentation. The suspect cheated investors of millions by showing forged balance sheets.,"The complainant alleged that the accused Manoj Bajpayee running a bogus real estate firm in Chandigarh promised to deliver a 2BHK flat. The complainant paid Rs. 1,200,000 on 5th November 2023, after which the accused locked the office and fled."
401,Punishment for belonging to a gang of thieves. The accused was found associated with a group of persons associated for the purpose of habitually committing theft.,"On 12th January 2025, the police raided a hideout in Bengaluru and arrested four gang members, including Vikram Rathore. Stolen jewelry worth Rs. 250,000 was recovered. The gang had been habitually committing house thefts in the region."
420,Cheating and dishonestly inducing delivery of property. The accused deceived the complainant and dishonestly induced them to deliver cash or property.,"The accused Rajesh Kumar forged ownership documents of a commercial land plot in Nagpur and sold it to Divya for Rs. 5,000,000. The fraud was discovered when the victim applied for a building permit."
401,Apprehension of active gang members committing habitual housebreaking and theft.,"On 30th December 2024, the police raided a hideout in Delhi and arrested four gang members, including Sunil Dutt. Stolen jewelry worth Rs. 5,000,000 was recovered. The gang had been habitually committing house thefts in the region."
302,Criminal prosecution for murder under IPC Section 302. Conviction entails rigorous life imprisonment and monetary fine.,"A charge sheet was filed under Section 302 against Sunil Dutt for the premeditated killing of Maya in Ahmedabad. The accused had used a dagger to inflict ten deep wounds, ensuring the death of the victim."
307,"Attempt to murder under Section 307. Accused fired at the victim or stabbed them, causing near-fatal injuries.","During a political rally in Hyderabad on 30th December 2024, Manoj Bajpayee tried to strangulate Sandeep with a wire. Bystanders intervened and rescued the victim, who was unconscious. A case under Section 307 was registered against the assailant."
307,Assault with intent to kill. The victim survived the brutal assault due to timely medical intervention.,"During a political rally in Patna on 29th September 2024, Vijay Yadav tried to strangulate Raj with a wire. Bystanders intervened and rescued the victim, who was unconscious. A case under Section 307 was registered against the assailant."
420,Corporate scam and misrepresentation. The suspect cheated investors of millions by showing forged balance sheets.,"In Indore, the police arrested Rahul Verma for running an online job scam. The accused cheated over fifty youngsters of Rs. 150,000 each, promising them government jobs and issuing fake appointment letters on 29th September 2024."
498A,Domestic violence and cruelty under Section 498A. Demands for cash and vehicles by husband and in-laws.,"The victim Abhishek of Bhopal committed suicide after continuous harassment by her husband Amit Singh and his relatives. The police found diary entries detailing constant taunts and physical abuse, prompting charges under Section 498A."
401,Conspiracy to commit theft by a professional gang. Accused were caught patrolling residential areas with intention to steal.,"The police busted an active criminal gang in Surat that specialized in highway thefts. The accused Anil Mehta and his accomplices were arrested, and stolen laptops, mobile phones, and cash were seized. Charged under Section 401."
300,Intentionally causing bodily injury leading to the death of the victim. The assailant struck the victim repeatedly on vital organs.,"In the jurisdiction of Hyderabad, the prosecution proved that Amit Singh deliberately poisoned the meal of Alok with arsenic. The victim consumed the poisoned meal, suffered severe internal hemorrhage, and passed away on 23rd March 2024 at the local hospital."
376,Prosecution for rape under Section 376. The victim's testimony was corroborated by medical evidence and forensic DNA reports.,The trial court convicted Rahul Verma under Section 376 for the gang rape/rape of the survivor in Surat. The survivor testified that the accused abducted her on 10th October 2023 and committed the heinous offense in a moving vehicle.
401,Conspiracy to commit theft by a professional gang. Accused were caught patrolling residential areas with intention to steal.,"On 23rd March 2024, the police raided a hideout in Lucknow and arrested four gang members, including Anil Mehta. Stolen jewelry worth Rs. 50,000 was recovered. The gang had been habitually committing house thefts in the region."
401,Apprehension of active gang members committing habitual housebreaking and theft.,"A patrolling squad in Delhi intercepted five individuals, including Vikram Rathore, on 4th July 2024. The suspects were carrying housebreaking tools, iron rods, and masks. Investigation revealed they belonged to a notorious gang of thieves operating under Section 401."
302,Criminal prosecution for murder under IPC Section 302. Conviction entails rigorous life imprisonment and monetary fine.,"The Sessions Court of Patna found the accused Rajesh Kumar guilty of murder under Section 302. On 4th July 2024, the accused had murdered his neighbor Abhishek with a iron rod in broad daylight. The court sentenced the convict to life imprisonment."
401,Conspiracy to commit theft by a professional gang. Accused were caught patrolling residential areas with intention to steal.,"The police busted an active criminal gang in Pune that specialized in highway thefts. The accused Sunil Dutt and his accomplices were arrested, and stolen laptops, mobile phones, and cash were seized. Charged under Section 401."
302,Trial for committing murder where the state seeks life imprisonment or capital punishment for the heinous offense.,The High Court upheld the life sentence of Vikram Rathore for committing murder under Section 302. The victim Harish was brutally beaten to death in Lucknow over an ancestral family feud on 5th November 2023.
302,Trial for committing murder where the state seeks life imprisonment or capital punishment for the heinous offense.,"A charge sheet was filed under Section 302 against Sunil Dutt for the premeditated killing of Komal in Indore. The accused had used a iron rod to inflict ten deep wounds, ensuring the death of the victim."
302,Trial for committing murder where the state seeks life imprisonment or capital punishment for the heinous offense.,The High Court upheld the life sentence of Deepak Gupta for committing murder under Section 302. The victim Harish was brutally beaten to death in Indore over an ancestral family feud on 4th July 2024.
498A,Cruelty by husband and relatives. Complainant was locked in a room and denied food for failing to bring dowry.,"The victim Kiran of Jaipur committed suicide after continuous harassment by her husband Vijay Yadav and his relatives. The police found diary entries detailing constant taunts and physical abuse, prompting charges under Section 498A."
300,Culpable homicide amounting to murder. The accused with intent to cause death attacked the victim with a dangerous weapon.,"The accused Vijay Yadav suspected his business partner Radha of embezzlement. On 23rd March 2024, Vijay Yadav lured Radha to an abandoned warehouse in Vadodara and strangled him to death. The body was later disposed of in a nearby canal."
401,"Section 401 prosecution for gang theft. Police recovered stolen jewelry, vehicles, and break-in tools from the gang's hideout.",A gang of habitual car thieves was apprehended in Bengaluru. The accused Manoj Bajpayee was found to be the mastermind who dismantled stolen cars and sold spare parts. The prosecution pressed charges under Section 401.
376,Prosecution for rape under Section 376. The victim's testimony was corroborated by medical evidence and forensic DNA reports.,The trial court convicted Harish Iyer under Section 376 for the gang rape/rape of the survivor in Pune. The survivor testified that the accused abducted her on 23rd March 2024 and committed the heinous offense in a moving vehicle.
420,Online phishing and transaction fraud. The accused induced the victim to share bank credentials and stole funds.,"In Delhi, the police arrested Suresh Sharma for running an online job scam. The accused cheated over fifty youngsters of Rs. 800,000 each, promising them government jobs and issuing fake appointment letters on 30th December 2024."
302,Liability under section 302 for taking the life of a person with malice and pre-planning.,State vs Sanjay Dutt: The accused was indicted under Section 302 for the murder of Alok in Obour. Eyewitness testimonies and the recovery of the sickle at the instance of the accused established guilt beyond reasonable doubt.
300,Commission of homicide where the bodily injury intended to be inflicted is sufficient in the ordinary course of nature to cause death.,"On the night of 12th January 2025, the accused Manish Paul engaged in a heated argument with the victim Geeta over a property boundary in Nagpur. The accused subsequently went inside, fetched a hammer, and inflicted multiple blows on the victim's head, causing instant death."
420,Online phishing and transaction fraud. The accused induced the victim to share bank credentials and stole funds.,"In Mumbai, the police arrested Rajesh Kumar for running an online job scam. The accused cheated over fifty youngsters of Rs. 250,000 each, promising them government jobs and issuing fake appointment letters on 23rd March 2024."
300,Commission of homicide where the bodily injury intended to be inflicted is sufficient in the ordinary course of nature to cause death.,"A land dispute between Suresh Sharma and Vivek in Kolkata turned violent. Suresh Sharma loaded a sharp knife and shot Vivek from close range, causing fatal injury to the chest. Forensic reports confirmed that the shot was fired with direct intention to cause death."
307,"Violent attack with a lethal weapon with clear intent to end the victim's life, resulting in hospitalization.",The accused Karan Johar fired two rounds from a dagger at Anita in Indore due to commercial rivalry. One bullet grazed the victim's shoulder. The police registered a case of attempt to murder under Section 307.
376,Punishment for sexual assault and rape. The accused committed sexual intercourse with the victim without consent or against her will.,"In Surat, the accused Arjun Kapoor entered the victim Seema's residence when she was alone on 30th December 2024 and subjected her to sexual assault. The medical examination confirmed signs of physical struggle and non-consensual intercourse."
302,Liability under section 302 for taking the life of a person with malice and pre-planning.,"The Sessions Court of Surat found the accused Rajesh Kumar guilty of murder under Section 302. On 30th December 2024, the accused had murdered his neighbor Abhishek with a sickle in broad daylight. The court sentenced the convict to life imprisonment."
376,Offense of rape defined under Section 375 and punishable under Section 376. Non-consensual sexual act.,"In Jaipur, the accused Manish Paul entered the victim Pooja's residence when she was alone on 23rd March 2024 and subjected her to sexual assault. The medical examination confirmed signs of physical struggle and non-consensual intercourse."
300,Commission of homicide where the bodily injury intended to be inflicted is sufficient in the ordinary course of nature to cause death.,"On the night of 12th January 2025, the accused Deepak Gupta engaged in a heated argument with the victim Raj over a property boundary in Obour. The accused subsequently went inside, fetched a iron rod, and inflicted multiple blows on the victim's head, causing instant death."
376,Punishment for sexual assault and rape. The accused committed sexual intercourse with the victim without consent or against her will.,"In Hyderabad, the accused Amit Singh entered the victim Maya's residence when she was alone on 5th November 2023 and subjected her to sexual assault. The medical examination confirmed signs of physical struggle and non-consensual intercourse."
498A,Husband or relative of husband of a woman subjecting her to cruelty. Physical and mental harassment for dowry demands.,A case under Section 498A was registered against Sunil Dutt in Chandigarh. The victim alleged that she was physically assaulted and mentally harassed by her husband and sister-in-law for not bringing a luxury sedan in dowry.
302,Criminal prosecution for murder under IPC Section 302. Conviction entails rigorous life imprisonment and monetary fine.,State vs Sunil Dutt: The accused was indicted under Section 302 for the murder of Vijay in Lucknow. Eyewitness testimonies and the recovery of the axe at the instance of the accused established guilt beyond reasonable doubt.
420,Financial fraud and cheating under Section 420. Deception practiced to obtain monetary benefit fraudulently.,"The accused Harish Iyer misrepresented himself as a registered financial broker and collected Rs. 150,000 from the victim Sandeep in Bhopal. He generated fake investment certificates and siphoned the entire capital."
307,"Violent attack with a lethal weapon with clear intent to end the victim's life, resulting in hospitalization.","The accused Karan Johar mixed pesticide in the tea served to Abhishek in Ahmedabad. The victim sensed the strange odor and spat it out, but still suffered minor poisoning. Charged with attempt to murder under Section 307."
302,Liability under section 302 for taking the life of a person with malice and pre-planning.,The High Court upheld the life sentence of Karan Johar for committing murder under Section 302. The victim Divya was brutally beaten to death in Surat over an ancestral family feud on 10th October 2023.
420,Financial fraud and cheating under Section 420. Deception practiced to obtain monetary benefit fraudulently.,"The accused Deepak Gupta misrepresented himself as a registered financial broker and collected Rs. 1,000,000 from the victim Sameer in Patna. He generated fake investment certificates and siphoned the entire capital."
498A,Cruelty by husband and relatives. Complainant was locked in a room and denied food for failing to bring dowry.,"The complainant Raj filed a complaint in Jaipur alleging that her husband Harish Iyer and mother-in-law subjected her to severe cruelty since their marriage on 12th January 2025. They repeatedly demanded Rs. 150,000 as additional dowry."
498A,Husband or relative of husband of a woman subjecting her to cruelty. Physical and mental harassment for dowry demands.,A case under Section 498A was registered against Pankaj Tripathi in Kanpur. The victim alleged that she was physically assaulted and mentally harassed by her husband and sister-in-law for not bringing a luxury sedan in dowry.
307,"Attempt to commit murder. The accused performed an act with such intention and under such circumstances that if death occurred, it would be murder.",The accused Anil Mehta fired two rounds from a sickle at Seema in Hyderabad due to commercial rivalry. One bullet grazed the victim's shoulder. The police registered a case of attempt to murder under Section 307.
376,Offense of rape defined under Section 375 and punishable under Section 376. Non-consensual sexual act.,A case under Section 376 was registered against Vijay Yadav in Surat. The victim alleged that she was drugged at a party and sexually assaulted while unconscious. The police recovered CCTV footage verifying the presence of the accused.
307,"Attempt to murder under Section 307. Accused fired at the victim or stabbed them, causing near-fatal injuries.","The accused Manish Paul mixed pesticide in the tea served to Seema in Patna. The victim sensed the strange odor and spat it out, but still suffered minor poisoning. Charged with attempt to murder under Section 307."
307,"Violent attack with a lethal weapon with clear intent to end the victim's life, resulting in hospitalization.","On 30th December 2024, the accused Pankaj Tripathi intercepted the victim Vijay in Mumbai and stabbed him in the abdomen with a wooden stick. The victim survived after undergoing a five-hour emergency surgery. The accused is charged under Section 307."
420,Online phishing and transaction fraud. The accused induced the victim to share bank credentials and stole funds.,"In Hyderabad, the police arrested Karan Johar for running an online job scam. The accused cheated over fifty youngsters of Rs. 150,000 each, promising them government jobs and issuing fake appointment letters on 5th November 2023."
376,Prosecution for rape under Section 376. The victim's testimony was corroborated by medical evidence and forensic DNA reports.,A case under Section 376 was registered against Aakash Roy in Ahmedabad. The victim alleged that she was drugged at a party and sexually assaulted while unconscious. The police recovered CCTV footage verifying the presence of the accused.
302,Trial for committing murder where the state seeks life imprisonment or capital punishment for the heinous offense.,State vs Harish Iyer: The accused was indicted under Section 302 for the murder of Gopal in Delhi. Eyewitness testimonies and the recovery of the hammer at the instance of the accused established guilt beyond reasonable doubt.
498A,Husband or relative of husband of a woman subjecting her to cruelty. Physical and mental harassment for dowry demands.,"On 5th November 2023, the complainant filed an FIR at the women's police station in Bengaluru against Karan Johar (husband). She stated that she was kicked out of the house at midnight because her family could not pay Rs. 50,000 demanded by the in-laws."
420,Online phishing and transaction fraud. The accused induced the victim to share bank credentials and stole funds.,"In Kanpur, the police arrested Amit Singh for running an online job scam. The accused cheated over fifty youngsters of Rs. 50,000 each, promising them government jobs and issuing fake appointment letters on 12th January 2025."
420,Online phishing and transaction fraud. The accused induced the victim to share bank credentials and stole funds.,"The complainant alleged that the accused Rajesh Kumar running a bogus real estate firm in Surat promised to deliver a 2BHK flat. The complainant paid Rs. 75,000 on 12th January 2025, after which the accused locked the office and fled."
420,Online phishing and transaction fraud. The accused induced the victim to share bank credentials and stole funds.,"The accused Rahul Verma forged ownership documents of a commercial land plot in Bengaluru and sold it to Seema for Rs. 250,000. The fraud was discovered when the victim applied for a building permit."
420,Corporate scam and misrepresentation. The suspect cheated investors of millions by showing forged balance sheets.,"In Bhopal, the police arrested Rohan Das for running an online job scam. The accused cheated over fifty youngsters of Rs. 150,000 each, promising them government jobs and issuing fake appointment letters on 4th July 2024."
420,Financial fraud and cheating under Section 420. Deception practiced to obtain monetary benefit fraudulently.,"The accused Vijay Yadav forged ownership documents of a commercial land plot in Kolkata and sold it to Mohan for Rs. 150,000. The fraud was discovered when the victim applied for a building permit."
376,"Accusation of sexual assault under Section 376 where consent was obtained through coercion, threat, or false promise of marriage.",The victim filed a First Information Report (FIR) in Kanpur stating that the accused Rajesh Kumar committed rape under the false promise of marriage. The accused later refused to marry her and threatened her with dire consequences.
420,Cheating and dishonestly inducing delivery of property. The accused deceived the complainant and dishonestly induced them to deliver cash or property.,"The complainant alleged that the accused Deepak Gupta running a bogus real estate firm in Jaipur promised to deliver a 2BHK flat. The complainant paid Rs. 50,000 on 23rd March 2024, after which the accused locked the office and fled."
401,"Section 401 prosecution for gang theft. Police recovered stolen jewelry, vehicles, and break-in tools from the gang's hideout.","A patrolling squad in Pune intercepted five individuals, including Vikram Rathore, on 15th August 2024. The suspects were carrying housebreaking tools, iron rods, and masks. Investigation revealed they belonged to a notorious gang of thieves operating under Section 401."
498A,"Harassment, abuse, and mental torture inflicted upon the wife by her in-laws, leading to police complaint.","The complainant Radha filed a complaint in Chandigarh alleging that her husband Vijay Yadav and mother-in-law subjected her to severe cruelty since their marriage on 30th December 2024. They repeatedly demanded Rs. 150,000 as additional dowry."
307,"Violent attack with a lethal weapon with clear intent to end the victim's life, resulting in hospitalization.",The accused Suresh Sharma fired two rounds from a dagger at Alok in Delhi due to commercial rivalry. One bullet grazed the victim's shoulder. The police registered a case of attempt to murder under Section 307.
302,Punishment for murder. The accused stands charged with committing murder and is liable to be punished with death or imprisonment for life.,The High Court upheld the life sentence of Manoj Bajpayee for committing murder under Section 302. The victim Meena was brutally beaten to death in Patna over an ancestral family feud on 18th May 2025.
498A,"Harassment, abuse, and mental torture inflicted upon the wife by her in-laws, leading to police complaint.","On 15th August 2024, the complainant filed an FIR at the women's police station in Indore against Deepak Gupta (husband). She stated that she was kicked out of the house at midnight because her family could not pay Rs. 150,000 demanded by the in-laws."
401,Conspiracy to commit theft by a professional gang. Accused were caught patrolling residential areas with intention to steal.,"A patrolling squad in Kolkata intercepted five individuals, including Manoj Bajpayee, on 18th May 2025. The suspects were carrying housebreaking tools, iron rods, and masks. Investigation revealed they belonged to a notorious gang of thieves operating under Section 401."
302,Trial for committing murder where the state seeks life imprisonment or capital punishment for the heinous offense.,State vs Ramesh Sen: The accused was indicted under Section 302 for the murder of Komal in Obour. Eyewitness testimonies and the recovery of the dagger at the instance of the accused established guilt beyond reasonable doubt.
307,"Violent attack with a lethal weapon with clear intent to end the victim's life, resulting in hospitalization.","During a political rally in Kolkata on 10th October 2023, Rohan Das tried to strangulate Seema with a wire. Bystanders intervened and rescued the victim, who was unconscious. A case under Section 307 was registered against the assailant."
376,"Accusation of sexual assault under Section 376 where consent was obtained through coercion, threat, or false promise of marriage.",The victim filed a First Information Report (FIR) in Surat stating that the accused Rajesh Kumar committed rape under the false promise of marriage. The accused later refused to marry her and threatened her with dire consequences.
498A,"Harassment, abuse, and mental torture inflicted upon the wife by her in-laws, leading to police complaint.","The complainant Anita filed a complaint in Kolkata alleging that her husband Vijay Yadav and mother-in-law subjected her to severe cruelty since their marriage on 5th November 2023. They repeatedly demanded Rs. 800,000 as additional dowry."
420,Financial fraud and cheating under Section 420. Deception practiced to obtain monetary benefit fraudulently.,"The accused Vikram Rathore misrepresented himself as a registered financial broker and collected Rs. 75,000 from the victim Geeta in Lucknow. He generated fake investment certificates and siphoned the entire capital."
302,Punishment for murder. The accused stands charged with committing murder and is liable to be punished with death or imprisonment for life.,State vs Umesh Chandra: The accused was indicted under Section 302 for the murder of Sameer in Lucknow. Eyewitness testimonies and the recovery of the axe at the instance of the accused established guilt beyond reasonable doubt.
307,"Attempt to murder under Section 307. Accused fired at the victim or stabbed them, causing near-fatal injuries.",The accused Aakash Roy fired two rounds from a revolver at Meena in Thane due to commercial rivalry. One bullet grazed the victim's shoulder. The police registered a case of attempt to murder under Section 307.
307,"Attempt to commit murder. The accused performed an act with such intention and under such circumstances that if death occurred, it would be murder.","The accused Sanjay Dutt mixed pesticide in the tea served to Meena in Patna. The victim sensed the strange odor and spat it out, but still suffered minor poisoning. Charged with attempt to murder under Section 307."
376,Offense of rape defined under Section 375 and punishable under Section 376. Non-consensual sexual act.,A case under Section 376 was registered against Sanjay Dutt in Kanpur. The victim alleged that she was drugged at a party and sexually assaulted while unconscious. The police recovered CCTV footage verifying the presence of the accused.
376,Prosecution for rape under Section 376. The victim's testimony was corroborated by medical evidence and forensic DNA reports.,A case under Section 376 was registered against Aakash Roy in Patna. The victim alleged that she was drugged at a party and sexually assaulted while unconscious. The police recovered CCTV footage verifying the presence of the accused.
498A,"Harassment, abuse, and mental torture inflicted upon the wife by her in-laws, leading to police complaint.","The victim Kiran of Chandigarh committed suicide after continuous harassment by her husband Rahul Verma and his relatives. The police found diary entries detailing constant taunts and physical abuse, prompting charges under Section 498A."
401,Punishment for belonging to a gang of thieves. The accused was found associated with a group of persons associated for the purpose of habitually committing theft.,"On 4th July 2024, the police raided a hideout in Kolkata and arrested four gang members, including Anil Mehta. Stolen jewelry worth Rs. 150,000 was recovered. The gang had been habitually committing house thefts in the region."
302,Criminal prosecution for murder under IPC Section 302. Conviction entails rigorous life imprisonment and monetary fine.,State vs Rohan Das: The accused was indicted under Section 302 for the murder of Geeta in Indore. Eyewitness testimonies and the recovery of the axe at the instance of the accused established guilt beyond reasonable doubt.
420,Online phishing and transaction fraud. The accused induced the victim to share bank credentials and stole funds.,"The accused Harish Iyer misrepresented himself as a registered financial broker and collected Rs. 50,000 from the victim Alok in Surat. He generated fake investment certificates and siphoned the entire capital."
401,Punishment for belonging to a gang of thieves. The accused was found associated with a group of persons associated for the purpose of habitually committing theft.,"A patrolling squad in Amritsar intercepted five individuals, including Deepak Gupta, on 10th October 2023. The suspects were carrying housebreaking tools, iron rods, and masks. Investigation revealed they belonged to a notorious gang of thieves operating under Section 401."
498A,Cruelty by husband and relatives. Complainant was locked in a room and denied food for failing to bring dowry.,"On 30th December 2024, the complainant filed an FIR at the women's police station in Jaipur against Rahul Verma (husband). She stated that she was kicked out of the house at midnight because her family could not pay Rs. 250,000 demanded by the in-laws."
401,Apprehension of active gang members committing habitual housebreaking and theft.,"On 15th August 2024, the police raided a hideout in Chandigarh and arrested four gang members, including Arjun Kapoor. Stolen jewelry worth Rs. 800,000 was recovered. The gang had been habitually committing house thefts in the region."
307,"Attempt to commit murder. The accused performed an act with such intention and under such circumstances that if death occurred, it would be murder.","The accused Rahul Verma mixed pesticide in the tea served to Abhishek in Kolkata. The victim sensed the strange odor and spat it out, but still suffered minor poisoning. Charged with attempt to murder under Section 307."
307,"Attempt to murder under Section 307. Accused fired at the victim or stabbed them, causing near-fatal injuries.","During a political rally in Kanpur on 4th July 2024, Manish Paul tried to strangulate Raj with a wire. Bystanders intervened and rescued the victim, who was unconscious. A case under Section 307 was registered against the assailant."
300,Commission of homicide where the bodily injury intended to be inflicted is sufficient in the ordinary course of nature to cause death.,"The accused Sanjay Dutt suspected his business partner Mohan of embezzlement. On 12th January 2025, Sanjay Dutt lured Mohan to an abandoned warehouse in Delhi and strangled him to death. The body was later disposed of in a nearby canal."
498A,Cruelty by husband and relatives. Complainant was locked in a room and denied food for failing to bring dowry.,"The complainant Vijay filed a complaint in Ahmedabad alleging that her husband Vikram Rathore and mother-in-law subjected her to severe cruelty since their marriage on 15th August 2024. They repeatedly demanded Rs. 800,000 as additional dowry."
307,"Violent attack with a lethal weapon with clear intent to end the victim's life, resulting in hospitalization.","The accused Deepak Gupta mixed pesticide in the tea served to Maya in Ahmedabad. The victim sensed the strange odor and spat it out, but still suffered minor poisoning. Charged with attempt to murder under Section 307."
300,Intentionally causing bodily injury leading to the death of the victim. The assailant struck the victim repeatedly on vital organs.,"The accused Pankaj Tripathi suspected his business partner Anita of embezzlement. On 5th November 2023, Pankaj Tripathi lured Anita to an abandoned warehouse in Mumbai and strangled him to death. The body was later disposed of in a nearby canal."
307,"Attempt to commit murder. The accused performed an act with such intention and under such circumstances that if death occurred, it would be murder.","On 4th July 2024, the accused Harish Iyer intercepted the victim Radha in Patna and stabbed him in the abdomen with a dagger. The victim survived after undergoing a five-hour emergency surgery. The accused is charged under Section 307."
300,"The accused with full knowledge that the act is so imminently dangerous that it must in all probability cause death, committed murder.","The accused Sunil Dutt suspected his business partner Komal of embezzlement. On 23rd March 2024, Sunil Dutt lured Komal to an abandoned warehouse in Amritsar and strangled him to death. The body was later disposed of in a nearby canal."
307,"Attempt to murder under Section 307. Accused fired at the victim or stabbed them, causing near-fatal injuries.","The accused Manoj Bajpayee mixed pesticide in the tea served to Radha in Amritsar. The victim sensed the strange odor and spat it out, but still suffered minor poisoning. Charged with attempt to murder under Section 307."
401,Apprehension of active gang members committing habitual housebreaking and theft.,A gang of habitual car thieves was apprehended in Obour. The accused Rahul Verma was found to be the mastermind who dismantled stolen cars and sold spare parts. The prosecution pressed charges under Section 401.
401,Apprehension of active gang members committing habitual housebreaking and theft.,"On 10th October 2023, the police raided a hideout in Chandigarh and arrested four gang members, including Umesh Chandra. Stolen jewelry worth Rs. 150,000 was recovered. The gang had been habitually committing house thefts in the region."
302,Trial for committing murder where the state seeks life imprisonment or capital punishment for the heinous offense.,State vs Harish Iyer: The accused was indicted under Section 302 for the murder of Radha in Lucknow. Eyewitness testimonies and the recovery of the sickle at the instance of the accused established guilt beyond reasonable doubt.
307,"Violent attack with a lethal weapon with clear intent to end the victim's life, resulting in hospitalization.","On 10th October 2023, the accused Arjun Kapoor intercepted the victim Harish in Bengaluru and stabbed him in the abdomen with a sickle. The victim survived after undergoing a five-hour emergency surgery. The accused is charged under Section 307."
420,Online phishing and transaction fraud. The accused induced the victim to share bank credentials and stole funds.,"The accused Aakash Roy misrepresented himself as a registered financial broker and collected Rs. 5,000,000 from the victim Anita in Kanpur. He generated fake investment certificates and siphoned the entire capital."
420,Cheating and dishonestly inducing delivery of property. The accused deceived the complainant and dishonestly induced them to deliver cash or property.,"The accused Vijay Yadav forged ownership documents of a commercial land plot in Hyderabad and sold it to Gopal for Rs. 800,000. The fraud was discovered when the victim applied for a building permit."
302,Trial for committing murder where the state seeks life imprisonment or capital punishment for the heinous offense.,"A charge sheet was filed under Section 302 against Harish Iyer for the premeditated killing of Alok in Chandigarh. The accused had used a iron rod to inflict ten deep wounds, ensuring the death of the victim."
498A,Cruelty by husband and relatives. Complainant was locked in a room and denied food for failing to bring dowry.,"The complainant Vivek filed a complaint in Nagpur alleging that her husband Manish Paul and mother-in-law subjected her to severe cruelty since their marriage on 5th November 2023. They repeatedly demanded Rs. 1,000,000 as additional dowry."
307,"Attempt to commit murder. The accused performed an act with such intention and under such circumstances that if death occurred, it would be murder.","The accused Rohan Das mixed pesticide in the tea served to Pooja in Thane. The victim sensed the strange odor and spat it out, but still suffered minor poisoning. Charged with attempt to murder under Section 307."
302,Criminal prosecution for murder under IPC Section 302. Conviction entails rigorous life imprisonment and monetary fine.,"A charge sheet was filed under Section 302 against Vikram Rathore for the premeditated killing of Meena in Pune. The accused had used a wooden stick to inflict ten deep wounds, ensuring the death of the victim."
420,Corporate scam and misrepresentation. The suspect cheated investors of millions by showing forged balance sheets.,"In Patna, the police arrested Manoj Bajpayee for running an online job scam. The accused cheated over fifty youngsters of Rs. 75,000 each, promising them government jobs and issuing fake appointment letters on 18th May 2025."
420,Corporate scam and misrepresentation. The suspect cheated investors of millions by showing forged balance sheets.,"The complainant alleged that the accused Karan Johar running a bogus real estate firm in Jaipur promised to deliver a 2BHK flat. The complainant paid Rs. 5,000,000 on 15th August 2024, after which the accused locked the office and fled."
302,Liability under section 302 for taking the life of a person with malice and pre-planning.,The High Court upheld the life sentence of Deepak Gupta for committing murder under Section 302. The victim Maya was brutally beaten to death in Bengaluru over an ancestral family feud on 18th May 2025.
401,Conspiracy to commit theft by a professional gang. Accused were caught patrolling residential areas with intention to steal.,"On 18th May 2025, the police raided a hideout in Indore and arrested four gang members, including Manish Paul. Stolen jewelry worth Rs. 800,000 was recovered. The gang had been habitually committing house thefts in the region."
401,"Section 401 prosecution for gang theft. Police recovered stolen jewelry, vehicles, and break-in tools from the gang's hideout.","On 29th September 2024, the police raided a hideout in Kolkata and arrested four gang members, including Aakash Roy. Stolen jewelry worth Rs. 2,000,000 was recovered. The gang had been habitually committing house thefts in the region."
498A,Husband or relative of husband of a woman subjecting her to cruelty. Physical and mental harassment for dowry demands.,"On 29th September 2024, the complainant filed an FIR at the women's police station in Kanpur against Anil Mehta (husband). She stated that she was kicked out of the house at midnight because her family could not pay Rs. 75,000 demanded by the in-laws."
498A,Cruelty by husband and relatives. Complainant was locked in a room and denied food for failing to bring dowry.,"The victim Kiran of Chandigarh committed suicide after continuous harassment by her husband Harish Iyer and his relatives. The police found diary entries detailing constant taunts and physical abuse, prompting charges under Section 498A."
401,Punishment for belonging to a gang of thieves. The accused was found associated with a group of persons associated for the purpose of habitually committing theft.,"A patrolling squad in Obour intercepted five individuals, including Rahul Verma, on 4th July 2024. The suspects were carrying housebreaking tools, iron rods, and masks. Investigation revealed they belonged to a notorious gang of thieves operating under Section 401."
376,Punishment for sexual assault and rape. The accused committed sexual intercourse with the victim without consent or against her will.,The trial court convicted Anil Mehta under Section 376 for the gang rape/rape of the survivor in Ahmedabad. The survivor testified that the accused abducted her on 23rd March 2024 and committed the heinous offense in a moving vehicle.
401,"Section 401 prosecution for gang theft. Police recovered stolen jewelry, vehicles, and break-in tools from the gang's hideout.",A gang of habitual car thieves was apprehended in Delhi. The accused Suresh Sharma was found to be the mastermind who dismantled stolen cars and sold spare parts. The prosecution pressed charges under Section 401.
401,Apprehension of active gang members committing habitual housebreaking and theft.,"On 23rd March 2024, the police raided a hideout in Pune and arrested four gang members, including Suresh Sharma. Stolen jewelry worth Rs. 2,000,000 was recovered. The gang had been habitually committing house thefts in the region."
302,Liability under section 302 for taking the life of a person with malice and pre-planning.,"A charge sheet was filed under Section 302 against Rajesh Kumar for the premeditated killing of Harish in Obour. The accused had used a dagger to inflict ten deep wounds, ensuring the death of the victim."
376,Punishment for sexual assault and rape. The accused committed sexual intercourse with the victim without consent or against her will.,"In Obour, the accused Ramesh Sen entered the victim Mohan's residence when she was alone on 29th September 2024 and subjected her to sexual assault. The medical examination confirmed signs of physical struggle and non-consensual intercourse."
307,Assault with intent to kill. The victim survived the brutal assault due to timely medical intervention.,"The accused Karan Johar mixed pesticide in the tea served to Geeta in Vadodara. The victim sensed the strange odor and spat it out, but still suffered minor poisoning. Charged with attempt to murder under Section 307."
420,Financial fraud and cheating under Section 420. Deception practiced to obtain monetary benefit fraudulently.,"The accused Arjun Kapoor misrepresented himself as a registered financial broker and collected Rs. 1,200,000 from the victim Raj in Nagpur. He generated fake investment certificates and siphoned the entire capital."
498A,Domestic violence and cruelty under Section 498A. Demands for cash and vehicles by husband and in-laws.,"The complainant Geeta filed a complaint in Chandigarh alleging that her husband Rahul Verma and mother-in-law subjected her to severe cruelty since their marriage on 29th September 2024. They repeatedly demanded Rs. 150,000 as additional dowry."
376,Prosecution for rape under Section 376. The victim's testimony was corroborated by medical evidence and forensic DNA reports.,"In Hyderabad, the accused Deepak Gupta entered the victim Sameer's residence when she was alone on 18th May 2025 and subjected her to sexual assault. The medical examination confirmed signs of physical struggle and non-consensual intercourse."
498A,Husband or relative of husband of a woman subjecting her to cruelty. Physical and mental harassment for dowry demands.,"The victim Alok of Pune committed suicide after continuous harassment by her husband Anil Mehta and his relatives. The police found diary entries detailing constant taunts and physical abuse, prompting charges under Section 498A."
401,Punishment for belonging to a gang of thieves. The accused was found associated with a group of persons associated for the purpose of habitually committing theft.,"The police busted an active criminal gang in Hyderabad that specialized in highway thefts. The accused Aakash Roy and his accomplices were arrested, and stolen laptops, mobile phones, and cash were seized. Charged under Section 401."
420,Cheating and dishonestly inducing delivery of property. The accused deceived the complainant and dishonestly induced them to deliver cash or property.,"In Chandigarh, the police arrested Sanjay Dutt for running an online job scam. The accused cheated over fifty youngsters of Rs. 150,000 each, promising them government jobs and issuing fake appointment letters on 29th September 2024."
420,Financial fraud and cheating under Section 420. Deception practiced to obtain monetary benefit fraudulently.,"The accused Suresh Sharma misrepresented himself as a registered financial broker and collected Rs. 75,000 from the victim Harish in Mumbai. He generated fake investment certificates and siphoned the entire capital."
300,Culpable homicide amounting to murder. The accused with intent to cause death attacked the victim with a dangerous weapon.,"The accused Sunil Dutt suspected his business partner Abhishek of embezzlement. On 10th October 2023, Sunil Dutt lured Abhishek to an abandoned warehouse in Nagpur and strangled him to death. The body was later disposed of in a nearby canal."
300,Intentionally causing bodily injury leading to the death of the victim. The assailant struck the victim repeatedly on vital organs.,"A land dispute between Suresh Sharma and Abhishek in Vadodara turned violent. Suresh Sharma loaded a iron rod and shot Abhishek from close range, causing fatal injury to the chest. Forensic reports confirmed that the shot was fired with direct intention to cause death."
420,Corporate scam and misrepresentation. The suspect cheated investors of millions by showing forged balance sheets.,"The accused Pankaj Tripathi misrepresented himself as a registered financial broker and collected Rs. 250,000 from the victim Mohan in Nagpur. He generated fake investment certificates and siphoned the entire capital."
302,Punishment for murder. The accused stands charged with committing murder and is liable to be punished with death or imprisonment for life.,"A charge sheet was filed under Section 302 against Rahul Verma for the premeditated killing of Divya in Lucknow. The accused had used a sharp knife to inflict ten deep wounds, ensuring the death of the victim."
300,Intentionally causing bodily injury leading to the death of the victim. The assailant struck the victim repeatedly on vital organs.,"On the night of 18th May 2025, the accused Vikram Rathore engaged in a heated argument with the victim Sandeep over a property boundary in Vadodara. The accused subsequently went inside, fetched a dagger, and inflicted multiple blows on the victim's head, causing instant death."
302,Criminal prosecution for murder under IPC Section 302. Conviction entails rigorous life imprisonment and monetary fine.,State vs Rohan Das: The accused was indicted under Section 302 for the murder of Seema in Patna. Eyewitness testimonies and the recovery of the sharp knife at the instance of the accused established guilt beyond reasonable doubt.
420,Cheating and dishonestly inducing delivery of property. The accused deceived the complainant and dishonestly induced them to deliver cash or property.,"In Thane, the police arrested Pankaj Tripathi for running an online job scam. The accused cheated over fifty youngsters of Rs. 800,000 each, promising them government jobs and issuing fake appointment letters on 29th September 2024."
300,Commission of homicide where the bodily injury intended to be inflicted is sufficient in the ordinary course of nature to cause death.,"In the jurisdiction of Obour, the prosecution proved that Arjun Kapoor deliberately poisoned the meal of Radha with arsenic. The victim consumed the poisoned meal, suffered severe internal hemorrhage, and passed away on 23rd March 2024 at the local hospital."
302,Punishment for murder. The accused stands charged with committing murder and is liable to be punished with death or imprisonment for life.,"The Sessions Court of Kanpur found the accused Rajesh Kumar guilty of murder under Section 302. On 10th October 2023, the accused had murdered his neighbor Vijay with a sharp knife in broad daylight. The court sentenced the convict to life imprisonment."
302,Liability under section 302 for taking the life of a person with malice and pre-planning.,"The Sessions Court of Patna found the accused Harish Iyer guilty of murder under Section 302. On 10th October 2023, the accused had murdered his neighbor Anita with a revolver in broad daylight. The court sentenced the convict to life imprisonment."
401,"Section 401 prosecution for gang theft. Police recovered stolen jewelry, vehicles, and break-in tools from the gang's hideout.",A gang of habitual car thieves was apprehended in Obour. The accused Suresh Sharma was found to be the mastermind who dismantled stolen cars and sold spare parts. The prosecution pressed charges under Section 401.
302,Liability under section 302 for taking the life of a person with malice and pre-planning.,"The Sessions Court of Lucknow found the accused Ramesh Sen guilty of murder under Section 302. On 29th September 2024, the accused had murdered his neighbor Mohan with a sickle in broad daylight. The court sentenced the convict to life imprisonment."
300,Commission of homicide where the bodily injury intended to be inflicted is sufficient in the ordinary course of nature to cause death.,"On the night of 5th November 2023, the accused Arjun Kapoor engaged in a heated argument with the victim Raj over a property boundary in Chandigarh. The accused subsequently went inside, fetched a pistol, and inflicted multiple blows on the victim's head, causing instant death."
376,Prosecution for rape under Section 376. The victim's testimony was corroborated by medical evidence and forensic DNA reports.,The trial court convicted Anil Mehta under Section 376 for the gang rape/rape of the survivor in Bengaluru. The survivor testified that the accused abducted her on 10th October 2023 and committed the heinous offense in a moving vehicle.
300,Intentionally causing bodily injury leading to the death of the victim. The assailant struck the victim repeatedly on vital organs.,"A land dispute between Rajesh Kumar and Komal in Indore turned violent. Rajesh Kumar loaded a sharp knife and shot Komal from close range, causing fatal injury to the chest. Forensic reports confirmed that the shot was fired with direct intention to cause death."
302,Liability under section 302 for taking the life of a person with malice and pre-planning.,"A charge sheet was filed under Section 302 against Aakash Roy for the premeditated killing of Gopal in Jaipur. The accused had used a wooden stick to inflict ten deep wounds, ensuring the death of the victim."
302,Trial for committing murder where the state seeks life imprisonment or capital punishment for the heinous offense.,The High Court upheld the life sentence of Manish Paul for committing murder under Section 302. The victim Mohan was brutally beaten to death in Vadodara over an ancestral family feud on 10th October 2023.
300,Culpable homicide amounting to murder. The accused with intent to cause death attacked the victim with a dangerous weapon.,"The accused Karan Johar suspected his business partner Vijay of embezzlement. On 10th October 2023, Karan Johar lured Vijay to an abandoned warehouse in Jaipur and strangled him to death. The body was later disposed of in a nearby canal."
401,"Section 401 prosecution for gang theft. Police recovered stolen jewelry, vehicles, and break-in tools from the gang's hideout.",A gang of habitual car thieves was apprehended in Kolkata. The accused Manish Paul was found to be the mastermind who dismantled stolen cars and sold spare parts. The prosecution pressed charges under Section 401.
498A,Husband or relative of husband of a woman subjecting her to cruelty. Physical and mental harassment for dowry demands.,A case under Section 498A was registered against Rahul Verma in Thane. The victim alleged that she was physically assaulted and mentally harassed by her husband and sister-in-law for not bringing a luxury sedan in dowry.
300,"The accused with full knowledge that the act is so imminently dangerous that it must in all probability cause death, committed murder.","In the jurisdiction of Jaipur, the prosecution proved that Manish Paul deliberately poisoned the meal of Abhishek with arsenic. The victim consumed the poisoned meal, suffered severe internal hemorrhage, and passed away on 23rd March 2024 at the local hospital."
302,Criminal prosecution for murder under IPC Section 302. Conviction entails rigorous life imprisonment and monetary fine.,"The Sessions Court of Kolkata found the accused Anil Mehta guilty of murder under Section 302. On 29th September 2024, the accused had murdered his neighbor Komal with a wooden stick in broad daylight. The court sentenced the convict to life imprisonment."
376,Punishment for sexual assault and rape. The accused committed sexual intercourse with the victim without consent or against her will.,A case under Section 376 was registered against Rohan Das in Indore. The victim alleged that she was drugged at a party and sexually assaulted while unconscious. The police recovered CCTV footage verifying the presence of the accused.
401,Apprehension of active gang members committing habitual housebreaking and theft.,"A patrolling squad in Obour intercepted five individuals, including Manish Paul, on 12th January 2025. The suspects were carrying housebreaking tools, iron rods, and masks. Investigation revealed they belonged to a notorious gang of thieves operating under Section 401."
498A,Domestic violence and cruelty under Section 498A. Demands for cash and vehicles by husband and in-laws.,A case under Section 498A was registered against Anil Mehta in Kolkata. The victim alleged that she was physically assaulted and mentally harassed by her husband and sister-in-law for not bringing a luxury sedan in dowry.
498A,Husband or relative of husband of a woman subjecting her to cruelty. Physical and mental harassment for dowry demands.,"The complainant Raj filed a complaint in Bengaluru alleging that her husband Suresh Sharma and mother-in-law subjected her to severe cruelty since their marriage on 29th September 2024. They repeatedly demanded Rs. 1,000,000 as additional dowry."
300,Culpable homicide amounting to murder. The accused with intent to cause death attacked the victim with a dangerous weapon.,"The accused Amit Singh suspected his business partner Radha of embezzlement. On 12th January 2025, Amit Singh lured Radha to an abandoned warehouse in Indore and strangled him to death. The body was later disposed of in a nearby canal."
376,"Accusation of sexual assault under Section 376 where consent was obtained through coercion, threat, or false promise of marriage.","In Jaipur, the accused Arjun Kapoor entered the victim Raj's residence when she was alone on 4th July 2024 and subjected her to sexual assault. The medical examination confirmed signs of physical struggle and non-consensual intercourse."
302,Punishment for murder. The accused stands charged with committing murder and is liable to be punished with death or imprisonment for life.,State vs Vijay Yadav: The accused was indicted under Section 302 for the murder of Sandeep in Surat. Eyewitness testimonies and the recovery of the axe at the instance of the accused established guilt beyond reasonable doubt.
300,"The accused with full knowledge that the act is so imminently dangerous that it must in all probability cause death, committed murder.","The accused Karan Johar suspected his business partner Anita of embezzlement. On 30th December 2024, Karan Johar lured Anita to an abandoned warehouse in Vadodara and strangled him to death. The body was later disposed of in a nearby canal."
498A,Husband or relative of husband of a woman subjecting her to cruelty. Physical and mental harassment for dowry demands.,"On 30th December 2024, the complainant filed an FIR at the women's police station in Kanpur against Arjun Kapoor (husband). She stated that she was kicked out of the house at midnight because her family could not pay Rs. 300,000 demanded by the in-laws."
307,"Violent attack with a lethal weapon with clear intent to end the victim's life, resulting in hospitalization.","During a political rally in Amritsar on 12th January 2025, Vikram Rathore tried to strangulate Harish with a wire. Bystanders intervened and rescued the victim, who was unconscious. A case under Section 307 was registered against the assailant."
498A,Cruelty by husband and relatives. Complainant was locked in a room and denied food for failing to bring dowry.,"The complainant Alok filed a complaint in Chandigarh alleging that her husband Aakash Roy and mother-in-law subjected her to severe cruelty since their marriage on 15th August 2024. They repeatedly demanded Rs. 250,000 as additional dowry."
300,Intentionally causing bodily injury leading to the death of the victim. The assailant struck the victim repeatedly on vital organs.,"In the jurisdiction of Hyderabad, the prosecution proved that Rohan Das deliberately poisoned the meal of Vivek with arsenic. The victim consumed the poisoned meal, suffered severe internal hemorrhage, and passed away on 10th October 2023 at the local hospital."
307,Assault with intent to kill. The victim survived the brutal assault due to timely medical intervention.,The accused Deepak Gupta fired two rounds from a dagger at Kiran in Bhopal due to commercial rivalry. One bullet grazed the victim's shoulder. The police registered a case of attempt to murder under Section 307.
401,"Section 401 prosecution for gang theft. Police recovered stolen jewelry, vehicles, and break-in tools from the gang's hideout.","The police busted an active criminal gang in Surat that specialized in highway thefts. The accused Pankaj Tripathi and his accomplices were arrested, and stolen laptops, mobile phones, and cash were seized. Charged under Section 401."
376,Punishment for sexual assault and rape. The accused committed sexual intercourse with the victim without consent or against her will.,The victim filed a First Information Report (FIR) in Mumbai stating that the accused Amit Singh committed rape under the false promise of marriage. The accused later refused to marry her and threatened her with dire consequences.
300,"The accused with full knowledge that the act is so imminently dangerous that it must in all probability cause death, committed murder.","In the jurisdiction of Patna, the prosecution proved that Karan Johar deliberately poisoned the meal of Komal with arsenic. The victim consumed the poisoned meal, suffered severe internal hemorrhage, and passed away on 12th January 2025 at the local hospital."
302,Liability under section 302 for taking the life of a person with malice and pre-planning.,"The Sessions Court of Bhopal found the accused Sunil Dutt guilty of murder under Section 302. On 23rd March 2024, the accused had murdered his neighbor Pooja with a iron rod in broad daylight. The court sentenced the convict to life imprisonment."
307,"Attempt to murder under Section 307. Accused fired at the victim or stabbed them, causing near-fatal injuries.","During a political rally in Kanpur on 15th August 2024, Karan Johar tried to strangulate Radha with a wire. Bystanders intervened and rescued the victim, who was unconscious. A case under Section 307 was registered against the assailant."
401,"Section 401 prosecution for gang theft. Police recovered stolen jewelry, vehicles, and break-in tools from the gang's hideout.","The police busted an active criminal gang in Lucknow that specialized in highway thefts. The accused Pankaj Tripathi and his accomplices were arrested, and stolen laptops, mobile phones, and cash were seized. Charged under Section 401."
302,Punishment for murder. The accused stands charged with committing murder and is liable to be punished with death or imprisonment for life.,"A charge sheet was filed under Section 302 against Pankaj Tripathi for the premeditated killing of Gopal in Amritsar. The accused had used a wooden stick to inflict ten deep wounds, ensuring the death of the victim."
401,Punishment for belonging to a gang of thieves. The accused was found associated with a group of persons associated for the purpose of habitually committing theft.,"On 29th September 2024, the police raided a hideout in Hyderabad and arrested four gang members, including Karan Johar. Stolen jewelry worth Rs. 300,000 was recovered. The gang had been habitually committing house thefts in the region."
302,Punishment for murder. The accused stands charged with committing murder and is liable to be punished with death or imprisonment for life.,The High Court upheld the life sentence of Manish Paul for committing murder under Section 302. The victim Harish was brutally beaten to death in Pune over an ancestral family feud on 23rd March 2024.
307,"Attempt to murder under Section 307. Accused fired at the victim or stabbed them, causing near-fatal injuries.","On 15th August 2024, the accused Rajesh Kumar intercepted the victim Gopal in Thane and stabbed him in the abdomen with a axe. The victim survived after undergoing a five-hour emergency surgery. The accused is charged under Section 307."
376,"Accusation of sexual assault under Section 376 where consent was obtained through coercion, threat, or false promise of marriage.",The trial court convicted Arjun Kapoor under Section 376 for the gang rape/rape of the survivor in Obour. The survivor testified that the accused abducted her on 5th November 2023 and committed the heinous offense in a moving vehicle.
302,Trial for committing murder where the state seeks life imprisonment or capital punishment for the heinous offense.,"The Sessions Court of Patna found the accused Amit Singh guilty of murder under Section 302. On 23rd March 2024, the accused had murdered his neighbor Abhishek with a sharp knife in broad daylight. The court sentenced the convict to life imprisonment."
300,"The accused with full knowledge that the act is so imminently dangerous that it must in all probability cause death, committed murder.","In the jurisdiction of Surat, the prosecution proved that Ramesh Sen deliberately poisoned the meal of Radha with arsenic. The victim consumed the poisoned meal, suffered severe internal hemorrhage, and passed away on 29th September 2024 at the local hospital."
420,Online phishing and transaction fraud. The accused induced the victim to share bank credentials and stole funds.,"The complainant alleged that the accused Umesh Chandra running a bogus real estate firm in Ahmedabad promised to deliver a 2BHK flat. The complainant paid Rs. 50,000 on 23rd March 2024, after which the accused locked the office and fled."
307,Assault with intent to kill. The victim survived the brutal assault due to timely medical intervention.,The accused Umesh Chandra fired two rounds from a hammer at Vivek in Jaipur due to commercial rivalry. One bullet grazed the victim's shoulder. The police registered a case of attempt to murder under Section 307.
302,Punishment for murder. The accused stands charged with committing murder and is liable to be punished with death or imprisonment for life.,"The Sessions Court of Kanpur found the accused Ramesh Sen guilty of murder under Section 302. On 12th January 2025, the accused had murdered his neighbor Kiran with a hammer in broad daylight. The court sentenced the convict to life imprisonment."
307,"Attempt to commit murder. The accused performed an act with such intention and under such circumstances that if death occurred, it would be murder.","The accused Suresh Sharma mixed pesticide in the tea served to Abhishek in Pune. The victim sensed the strange odor and spat it out, but still suffered minor poisoning. Charged with attempt to murder under Section 307."
302,Liability under section 302 for taking the life of a person with malice and pre-planning.,The High Court upheld the life sentence of Suresh Sharma for committing murder under Section 302. The victim Sandeep was brutally beaten to death in Lucknow over an ancestral family feud on 4th July 2024.
376,Prosecution for rape under Section 376. The victim's testimony was corroborated by medical evidence and forensic DNA reports.,The victim filed a First Information Report (FIR) in Bhopal stating that the accused Harish Iyer committed rape under the false promise of marriage. The accused later refused to marry her and threatened her with dire consequences.
302,Trial for committing murder where the state seeks life imprisonment or capital punishment for the heinous offense.,"The Sessions Court of Jaipur found the accused Rohan Das guilty of murder under Section 302. On 18th May 2025, the accused had murdered his neighbor Divya with a sickle in broad daylight. The court sentenced the convict to life imprisonment."
420,Cheating and dishonestly inducing delivery of property. The accused deceived the complainant and dishonestly induced them to deliver cash or property.,"The accused Rahul Verma forged ownership documents of a commercial land plot in Surat and sold it to Mohan for Rs. 150,000. The fraud was discovered when the victim applied for a building permit."
420,Cheating and dishonestly inducing delivery of property. The accused deceived the complainant and dishonestly induced them to deliver cash or property.,"The accused Sunil Dutt misrepresented himself as a registered financial broker and collected Rs. 1,200,000 from the victim Anita in Kanpur. He generated fake investment certificates and siphoned the entire capital."
376,Prosecution for rape under Section 376. The victim's testimony was corroborated by medical evidence and forensic DNA reports.,The victim filed a First Information Report (FIR) in Chandigarh stating that the accused Ramesh Sen committed rape under the false promise of marriage. The accused later refused to marry her and threatened her with dire consequences.
300,Commission of homicide where the bodily injury intended to be inflicted is sufficient in the ordinary course of nature to cause death.,"In the jurisdiction of Bengaluru, the prosecution proved that Vikram Rathore deliberately poisoned the meal of Raj with arsenic. The victim consumed the poisoned meal, suffered severe internal hemorrhage, and passed away on 10th October 2023 at the local hospital."
300,Commission of homicide where the bodily injury intended to be inflicted is sufficient in the ordinary course of nature to cause death.,"In the jurisdiction of Patna, the prosecution proved that Karan Johar deliberately poisoned the meal of Meena with arsenic. The victim consumed the poisoned meal, suffered severe internal hemorrhage, and passed away on 23rd March 2024 at the local hospital."
376,"Accusation of sexual assault under Section 376 where consent was obtained through coercion, threat, or false promise of marriage.",A case under Section 376 was registered against Rohan Das in Mumbai. The victim alleged that she was drugged at a party and sexually assaulted while unconscious. The police recovered CCTV footage verifying the presence of the accused.
498A,"Harassment, abuse, and mental torture inflicted upon the wife by her in-laws, leading to police complaint.","The complainant Geeta filed a complaint in Chandigarh alleging that her husband Umesh Chandra and mother-in-law subjected her to severe cruelty since their marriage on 23rd March 2024. They repeatedly demanded Rs. 1,200,000 as additional dowry."
300,Culpable homicide amounting to murder. The accused with intent to cause death attacked the victim with a dangerous weapon.,"A land dispute between Harish Iyer and Pooja in Jaipur turned violent. Harish Iyer loaded a axe and shot Pooja from close range, causing fatal injury to the chest. Forensic reports confirmed that the shot was fired with direct intention to cause death."
420,Online phishing and transaction fraud. The accused induced the victim to share bank credentials and stole funds.,"The complainant alleged that the accused Vikram Rathore running a bogus real estate firm in Bengaluru promised to deliver a 2BHK flat. The complainant paid Rs. 1,200,000 on 10th October 2023, after which the accused locked the office and fled."
300,Commission of homicide where the bodily injury intended to be inflicted is sufficient in the ordinary course of nature to cause death.,"A land dispute between Deepak Gupta and Gopal in Jaipur turned violent. Deepak Gupta loaded a sickle and shot Gopal from close range, causing fatal injury to the chest. Forensic reports confirmed that the shot was fired with direct intention to cause death."
307,"Attempt to murder under Section 307. Accused fired at the victim or stabbed them, causing near-fatal injuries.","During a political rally in Hyderabad on 18th May 2025, Rohan Das tried to strangulate Sandeep with a wire. Bystanders intervened and rescued the victim, who was unconscious. A case under Section 307 was registered against the assailant."
401,Conspiracy to commit theft by a professional gang. Accused were caught patrolling residential areas with intention to steal.,A gang of habitual car thieves was apprehended in Pune. The accused Rohan Das was found to be the mastermind who dismantled stolen cars and sold spare parts. The prosecution pressed charges under Section 401.
498A,"Harassment, abuse, and mental torture inflicted upon the wife by her in-laws, leading to police complaint.","On 23rd March 2024, the complainant filed an FIR at the women's police station in Vadodara against Sunil Dutt (husband). She stated that she was kicked out of the house at midnight because her family could not pay Rs. 5,000,000 demanded by the in-laws."
307,"Violent attack with a lethal weapon with clear intent to end the victim's life, resulting in hospitalization.",The accused Sunil Dutt fired two rounds from a sharp knife at Kiran in Ahmedabad due to commercial rivalry. One bullet grazed the victim's shoulder. The police registered a case of attempt to murder under Section 307.
498A,Husband or relative of husband of a woman subjecting her to cruelty. Physical and mental harassment for dowry demands.,A case under Section 498A was registered against Amit Singh in Bhopal. The victim alleged that she was physically assaulted and mentally harassed by her husband and sister-in-law for not bringing a luxury sedan in dowry.
307,"Violent attack with a lethal weapon with clear intent to end the victim's life, resulting in hospitalization.","The accused Rahul Verma mixed pesticide in the tea served to Harish in Bhopal. The victim sensed the strange odor and spat it out, but still suffered minor poisoning. Charged with attempt to murder under Section 307."
302,Trial for committing murder where the state seeks life imprisonment or capital punishment for the heinous offense.,The High Court upheld the life sentence of Arjun Kapoor for committing murder under Section 302. The victim Radha was brutally beaten to death in Kolkata over an ancestral family feud on 12th January 2025.
376,Punishment for sexual assault and rape. The accused committed sexual intercourse with the victim without consent or against her will.,"In Hyderabad, the accused Pankaj Tripathi entered the victim Raj's residence when she was alone on 18th May 2025 and subjected her to sexual assault. The medical examination confirmed signs of physical struggle and non-consensual intercourse."
401,Conspiracy to commit theft by a professional gang. Accused were caught patrolling residential areas with intention to steal.,"A patrolling squad in Ahmedabad intercepted five individuals, including Rajesh Kumar, on 12th January 2025. The suspects were carrying housebreaking tools, iron rods, and masks. Investigation revealed they belonged to a notorious gang of thieves operating under Section 401."
302,Criminal prosecution for murder under IPC Section 302. Conviction entails rigorous life imprisonment and monetary fine.,The High Court upheld the life sentence of Rohan Das for committing murder under Section 302. The victim Anita was brutally beaten to death in Bhopal over an ancestral family feud on 18th May 2025.
302,Trial for committing murder where the state seeks life imprisonment or capital punishment for the heinous offense.,The High Court upheld the life sentence of Sunil Dutt for committing murder under Section 302. The victim Meena was brutally beaten to death in Chandigarh over an ancestral family feud on 12th January 2025.
420,Corporate scam and misrepresentation. The suspect cheated investors of millions by showing forged balance sheets.,"In Kolkata, the police arrested Vijay Yadav for running an online job scam. The accused cheated over fifty youngsters of Rs. 300,000 each, promising them government jobs and issuing fake appointment letters on 18th May 2025."
401,"Section 401 prosecution for gang theft. Police recovered stolen jewelry, vehicles, and break-in tools from the gang's hideout.",A gang of habitual car thieves was apprehended in Bengaluru. The accused Rohan Das was found to be the mastermind who dismantled stolen cars and sold spare parts. The prosecution pressed charges under Section 401.
300,Commission of homicide where the bodily injury intended to be inflicted is sufficient in the ordinary course of nature to cause death.,"A land dispute between Karan Johar and Harish in Lucknow turned violent. Karan Johar loaded a sickle and shot Harish from close range, causing fatal injury to the chest. Forensic reports confirmed that the shot was fired with direct intention to cause death."
376,"Accusation of sexual assault under Section 376 where consent was obtained through coercion, threat, or false promise of marriage.",The victim filed a First Information Report (FIR) in Patna stating that the accused Pankaj Tripathi committed rape under the false promise of marriage. The accused later refused to marry her and threatened her with dire consequences.
401,Conspiracy to commit theft by a professional gang. Accused were caught patrolling residential areas with intention to steal.,A gang of habitual car thieves was apprehended in Surat. The accused Sunil Dutt was found to be the mastermind who dismantled stolen cars and sold spare parts. The prosecution pressed charges under Section 401.
300,Commission of homicide where the bodily injury intended to be inflicted is sufficient in the ordinary course of nature to cause death.,"In the jurisdiction of Patna, the prosecution proved that Rohan Das deliberately poisoned the meal of Vivek with arsenic. The victim consumed the poisoned meal, suffered severe internal hemorrhage, and passed away on 5th November 2023 at the local hospital."
307,Assault with intent to kill. The victim survived the brutal assault due to timely medical intervention.,"During a political rally in Jaipur on 18th May 2025, Umesh Chandra tried to strangulate Komal with a wire. Bystanders intervened and rescued the victim, who was unconscious. A case under Section 307 was registered against the assailant."
376,Punishment for sexual assault and rape. The accused committed sexual intercourse with the victim without consent or against her will.,The trial court convicted Amit Singh under Section 376 for the gang rape/rape of the survivor in Kanpur. The survivor testified that the accused abducted her on 30th December 2024 and committed the heinous offense in a moving vehicle.
300,Commission of homicide where the bodily injury intended to be inflicted is sufficient in the ordinary course of nature to cause death.,"A land dispute between Umesh Chandra and Gopal in Bengaluru turned violent. Umesh Chandra loaded a wooden stick and shot Gopal from close range, causing fatal injury to the chest. Forensic reports confirmed that the shot was fired with direct intention to cause death."
376,"Accusation of sexual assault under Section 376 where consent was obtained through coercion, threat, or false promise of marriage.","In Kanpur, the accused Sanjay Dutt entered the victim Radha's residence when she was alone on 15th August 2024 and subjected her to sexual assault. The medical examination confirmed signs of physical struggle and non-consensual intercourse."
307,"Attempt to commit murder. The accused performed an act with such intention and under such circumstances that if death occurred, it would be murder.","On 15th August 2024, the accused Manish Paul intercepted the victim Sameer in Ahmedabad and stabbed him in the abdomen with a revolver. The victim survived after undergoing a five-hour emergency surgery. The accused is charged under Section 307."
376,Punishment for sexual assault and rape. The accused committed sexual intercourse with the victim without consent or against her will.,"In Indore, the accused Manoj Bajpayee entered the victim Anita's residence when she was alone on 4th July 2024 and subjected her to sexual assault. The medical examination confirmed signs of physical struggle and non-consensual intercourse."
376,Punishment for sexual assault and rape. The accused committed sexual intercourse with the victim without consent or against her will.,The victim filed a First Information Report (FIR) in Mumbai stating that the accused Harish Iyer committed rape under the false promise of marriage. The accused later refused to marry her and threatened her with dire consequences.
302,Punishment for murder. The accused stands charged with committing murder and is liable to be punished with death or imprisonment for life.,"The Sessions Court of Lucknow found the accused Deepak Gupta guilty of murder under Section 302. On 23rd March 2024, the accused had murdered his neighbor Vijay with a dagger in broad daylight. The court sentenced the convict to life imprisonment."
376,Prosecution for rape under Section 376. The victim's testimony was corroborated by medical evidence and forensic DNA reports.,"In Lucknow, the accused Suresh Sharma entered the victim Gopal's residence when she was alone on 30th December 2024 and subjected her to sexual assault. The medical examination confirmed signs of physical struggle and non-consensual intercourse."
420,Corporate scam and misrepresentation. The suspect cheated investors of millions by showing forged balance sheets.,"The accused Karan Johar misrepresented himself as a registered financial broker and collected Rs. 250,000 from the victim Komal in Bhopal. He generated fake investment certificates and siphoned the entire capital."
498A,"Harassment, abuse, and mental torture inflicted upon the wife by her in-laws, leading to police complaint.","The complainant Vijay filed a complaint in Pune alleging that her husband Deepak Gupta and mother-in-law subjected her to severe cruelty since their marriage on 30th December 2024. They repeatedly demanded Rs. 50,000 as additional dowry."
302,Punishment for murder. The accused stands charged with committing murder and is liable to be punished with death or imprisonment for life.,The High Court upheld the life sentence of Amit Singh for committing murder under Section 302. The victim Maya was brutally beaten to death in Surat over an ancestral family feud on 12th January 2025.
420,Cheating and dishonestly inducing delivery of property. The accused deceived the complainant and dishonestly induced them to deliver cash or property.,"The complainant alleged that the accused Rajesh Kumar running a bogus real estate firm in Nagpur promised to deliver a 2BHK flat. The complainant paid Rs. 2,000,000 on 10th October 2023, after which the accused locked the office and fled."
300,"The accused with full knowledge that the act is so imminently dangerous that it must in all probability cause death, committed murder.","The accused Karan Johar suspected his business partner Raj of embezzlement. On 23rd March 2024, Karan Johar lured Raj to an abandoned warehouse in Lucknow and strangled him to death. The body was later disposed of in a nearby canal."
401,"Section 401 prosecution for gang theft. Police recovered stolen jewelry, vehicles, and break-in tools from the gang's hideout.","The police busted an active criminal gang in Amritsar that specialized in highway thefts. The accused Umesh Chandra and his accomplices were arrested, and stolen laptops, mobile phones, and cash were seized. Charged under Section 401."
300,Culpable homicide amounting to murder. The accused with intent to cause death attacked the victim with a dangerous weapon.,"The accused Anil Mehta suspected his business partner Meena of embezzlement. On 5th November 2023, Anil Mehta lured Meena to an abandoned warehouse in Jaipur and strangled him to death. The body was later disposed of in a nearby canal."
307,"Violent attack with a lethal weapon with clear intent to end the victim's life, resulting in hospitalization.","During a political rally in Kanpur on 4th July 2024, Vikram Rathore tried to strangulate Gopal with a wire. Bystanders intervened and rescued the victim, who was unconscious. A case under Section 307 was registered against the assailant."
307,Assault with intent to kill. The victim survived the brutal assault due to timely medical intervention.,"On 15th August 2024, the accused Rajesh Kumar intercepted the victim Mohan in Chandigarh and stabbed him in the abdomen with a iron rod. The victim survived after undergoing a five-hour emergency surgery. The accused is charged under Section 307."
300,Culpable homicide amounting to murder. The accused with intent to cause death attacked the victim with a dangerous weapon.,"On the night of 4th July 2024, the accused Rohan Das engaged in a heated argument with the victim Vijay over a property boundary in Lucknow. The accused subsequently went inside, fetched a sickle, and inflicted multiple blows on the victim's head, causing instant death."
300,Culpable homicide amounting to murder. The accused with intent to cause death attacked the victim with a dangerous weapon.,"In the jurisdiction of Patna, the prosecution proved that Amit Singh deliberately poisoned the meal of Abhishek with arsenic. The victim consumed the poisoned meal, suffered severe internal hemorrhage, and passed away on 23rd March 2024 at the local hospital."
300,Culpable homicide amounting to murder. The accused with intent to cause death attacked the victim with a dangerous weapon.,"On the night of 18th May 2025, the accused Karan Johar engaged in a heated argument with the victim Radha over a property boundary in Bhopal. The accused subsequently went inside, fetched a dagger, and inflicted multiple blows on the victim's head, causing instant death."
401,Punishment for belonging to a gang of thieves. The accused was found associated with a group of persons associated for the purpose of habitually committing theft.,A gang of habitual car thieves was apprehended in Indore. The accused Sanjay Dutt was found to be the mastermind who dismantled stolen cars and sold spare parts. The prosecution pressed charges under Section 401.
307,"Violent attack with a lethal weapon with clear intent to end the victim's life, resulting in hospitalization.","The accused Umesh Chandra mixed pesticide in the tea served to Radha in Bengaluru. The victim sensed the strange odor and spat it out, but still suffered minor poisoning. Charged with attempt to murder under Section 307."
300,Commission of homicide where the bodily injury intended to be inflicted is sufficient in the ordinary course of nature to cause death.,"The accused Pankaj Tripathi suspected his business partner Divya of embezzlement. On 29th September 2024, Pankaj Tripathi lured Divya to an abandoned warehouse in Amritsar and strangled him to death. The body was later disposed of in a nearby canal."
420,Cheating and dishonestly inducing delivery of property. The accused deceived the complainant and dishonestly induced them to deliver cash or property.,"The accused Aakash Roy forged ownership documents of a commercial land plot in Nagpur and sold it to Sandeep for Rs. 2,000,000. The fraud was discovered when the victim applied for a building permit."
300,"The accused with full knowledge that the act is so imminently dangerous that it must in all probability cause death, committed murder.","A land dispute between Rajesh Kumar and Alok in Patna turned violent. Rajesh Kumar loaded a revolver and shot Alok from close range, causing fatal injury to the chest. Forensic reports confirmed that the shot was fired with direct intention to cause death."
401,Punishment for belonging to a gang of thieves. The accused was found associated with a group of persons associated for the purpose of habitually committing theft.,"On 30th December 2024, the police raided a hideout in Indore and arrested four gang members, including Deepak Gupta. Stolen jewelry worth Rs. 5,000,000 was recovered. The gang had been habitually committing house thefts in the region."
420,Cheating and dishonestly inducing delivery of property. The accused deceived the complainant and dishonestly induced them to deliver cash or property.,"The complainant alleged that the accused Vikram Rathore running a bogus real estate firm in Kanpur promised to deliver a 2BHK flat. The complainant paid Rs. 5,000,000 on 23rd March 2024, after which the accused locked the office and fled."
498A,"Harassment, abuse, and mental torture inflicted upon the wife by her in-laws, leading to police complaint.","The victim Komal of Delhi committed suicide after continuous harassment by her husband Deepak Gupta and his relatives. The police found diary entries detailing constant taunts and physical abuse, prompting charges under Section 498A."
420,Online phishing and transaction fraud. The accused induced the victim to share bank credentials and stole funds.,"The accused Deepak Gupta misrepresented himself as a registered financial broker and collected Rs. 1,200,000 from the victim Mohan in Thane. He generated fake investment certificates and siphoned the entire capital."
300,Commission of homicide where the bodily injury intended to be inflicted is sufficient in the ordinary course of nature to cause death.,"The accused Sanjay Dutt suspected his business partner Seema of embezzlement. On 10th October 2023, Sanjay Dutt lured Seema to an abandoned warehouse in Mumbai and strangled him to death. The body was later disposed of in a nearby canal."
376,Punishment for sexual assault and rape. The accused committed sexual intercourse with the victim without consent or against her will.,The victim filed a First Information Report (FIR) in Vadodara stating that the accused Suresh Sharma committed rape under the false promise of marriage. The accused later refused to marry her and threatened her with dire consequences.
401,Conspiracy to commit theft by a professional gang. Accused were caught patrolling residential areas with intention to steal.,A gang of habitual car thieves was apprehended in Thane. The accused Arjun Kapoor was found to be the mastermind who dismantled stolen cars and sold spare parts. The prosecution pressed charges under Section 401.
498A,"Harassment, abuse, and mental torture inflicted upon the wife by her in-laws, leading to police complaint.","The victim Seema of Hyderabad committed suicide after continuous harassment by her husband Manish Paul and his relatives. The police found diary entries detailing constant taunts and physical abuse, prompting charges under Section 498A."
307,"Attempt to murder under Section 307. Accused fired at the victim or stabbed them, causing near-fatal injuries.","During a political rally in Kanpur on 10th October 2023, Rahul Verma tried to strangulate Gopal with a wire. Bystanders intervened and rescued the victim, who was unconscious. A case under Section 307 was registered against the assailant."
300,"The accused with full knowledge that the act is so imminently dangerous that it must in all probability cause death, committed murder.","In the jurisdiction of Pune, the prosecution proved that Anil Mehta deliberately poisoned the meal of Seema with arsenic. The victim consumed the poisoned meal, suffered severe internal hemorrhage, and passed away on 5th November 2023 at the local hospital."
401,"Section 401 prosecution for gang theft. Police recovered stolen jewelry, vehicles, and break-in tools from the gang's hideout.","A patrolling squad in Thane intercepted five individuals, including Umesh Chandra, on 30th December 2024. The suspects were carrying housebreaking tools, iron rods, and masks. Investigation revealed they belonged to a notorious gang of thieves operating under Section 401."
302,Trial for committing murder where the state seeks life imprisonment or capital punishment for the heinous offense.,"The Sessions Court of Nagpur found the accused Sunil Dutt guilty of murder under Section 302. On 4th July 2024, the accused had murdered his neighbor Gopal with a hammer in broad daylight. The court sentenced the convict to life imprisonment."
420,Financial fraud and cheating under Section 420. Deception practiced to obtain monetary benefit fraudulently.,"The accused Karan Johar forged ownership documents of a commercial land plot in Amritsar and sold it to Seema for Rs. 1,200,000. The fraud was discovered when the victim applied for a building permit."
420,Online phishing and transaction fraud. The accused induced the victim to share bank credentials and stole funds.,"The accused Manoj Bajpayee misrepresented himself as a registered financial broker and collected Rs. 300,000 from the victim Vijay in Indore. He generated fake investment certificates and siphoned the entire capital."
376,Offense of rape defined under Section 375 and punishable under Section 376. Non-consensual sexual act.,"In Lucknow, the accused Umesh Chandra entered the victim Meena's residence when she was alone on 29th September 2024 and subjected her to sexual assault. The medical examination confirmed signs of physical struggle and non-consensual intercourse."
401,Apprehension of active gang members committing habitual housebreaking and theft.,"The police busted an active criminal gang in Bhopal that specialized in highway thefts. The accused Anil Mehta and his accomplices were arrested, and stolen laptops, mobile phones, and cash were seized. Charged under Section 401."
420,Corporate scam and misrepresentation. The suspect cheated investors of millions by showing forged balance sheets.,"The complainant alleged that the accused Arjun Kapoor running a bogus real estate firm in Chandigarh promised to deliver a 2BHK flat. The complainant paid Rs. 1,200,000 on 10th October 2023, after which the accused locked the office and fled."
401,"Section 401 prosecution for gang theft. Police recovered stolen jewelry, vehicles, and break-in tools from the gang's hideout.","On 15th August 2024, the police raided a hideout in Mumbai and arrested four gang members, including Rajesh Kumar. Stolen jewelry worth Rs. 150,000 was recovered. The gang had been habitually committing house thefts in the region."
300,Culpable homicide amounting to murder. The accused with intent to cause death attacked the victim with a dangerous weapon.,"In the jurisdiction of Jaipur, the prosecution proved that Rohan Das deliberately poisoned the meal of Radha with arsenic. The victim consumed the poisoned meal, suffered severe internal hemorrhage, and passed away on 12th January 2025 at the local hospital."
401,"Section 401 prosecution for gang theft. Police recovered stolen jewelry, vehicles, and break-in tools from the gang's hideout.","The police busted an active criminal gang in Thane that specialized in highway thefts. The accused Harish Iyer and his accomplices were arrested, and stolen laptops, mobile phones, and cash were seized. Charged under Section 401."
498A,Domestic violence and cruelty under Section 498A. Demands for cash and vehicles by husband and in-laws.,"On 10th October 2023, the complainant filed an FIR at the women's police station in Delhi against Deepak Gupta (husband). She stated that she was kicked out of the house at midnight because her family could not pay Rs. 150,000 demanded by the in-laws."
376,Prosecution for rape under Section 376. The victim's testimony was corroborated by medical evidence and forensic DNA reports.,The victim filed a First Information Report (FIR) in Amritsar stating that the accused Rajesh Kumar committed rape under the false promise of marriage. The accused later refused to marry her and threatened her with dire consequences.
401,"Section 401 prosecution for gang theft. Police recovered stolen jewelry, vehicles, and break-in tools from the gang's hideout.","The police busted an active criminal gang in Ahmedabad that specialized in highway thefts. The accused Anil Mehta and his accomplices were arrested, and stolen laptops, mobile phones, and cash were seized. Charged under Section 401."
302,Punishment for murder. The accused stands charged with committing murder and is liable to be punished with death or imprisonment for life.,"A charge sheet was filed under Section 302 against Amit Singh for the premeditated killing of Anita in Surat. The accused had used a pistol to inflict ten deep wounds, ensuring the death of the victim."
302,Criminal prosecution for murder under IPC Section 302. Conviction entails rigorous life imprisonment and monetary fine.,"The Sessions Court of Delhi found the accused Sanjay Dutt guilty of murder under Section 302. On 29th September 2024, the accused had murdered his neighbor Divya with a wooden stick in broad daylight. The court sentenced the convict to life imprisonment."
420,Cheating and dishonestly inducing delivery of property. The accused deceived the complainant and dishonestly induced them to deliver cash or property.,"In Bhopal, the police arrested Aakash Roy for running an online job scam. The accused cheated over fifty youngsters of Rs. 1,000,000 each, promising them government jobs and issuing fake appointment letters on 29th September 2024."
420,Financial fraud and cheating under Section 420. Deception practiced to obtain monetary benefit fraudulently.,"The accused Sunil Dutt forged ownership documents of a commercial land plot in Ahmedabad and sold it to Mohan for Rs. 150,000. The fraud was discovered when the victim applied for a building permit."
420,Online phishing and transaction fraud. The accused induced the victim to share bank credentials and stole funds.,"The complainant alleged that the accused Arjun Kapoor running a bogus real estate firm in Patna promised to deliver a 2BHK flat. The complainant paid Rs. 300,000 on 29th September 2024, after which the accused locked the office and fled."
307,Assault with intent to kill. The victim survived the brutal assault due to timely medical intervention.,"The accused Harish Iyer mixed pesticide in the tea served to Meena in Bhopal. The victim sensed the strange odor and spat it out, but still suffered minor poisoning. Charged with attempt to murder under Section 307."
420,Financial fraud and cheating under Section 420. Deception practiced to obtain monetary benefit fraudulently.,"The complainant alleged that the accused Sanjay Dutt running a bogus real estate firm in Indore promised to deliver a 2BHK flat. The complainant paid Rs. 75,000 on 30th December 2024, after which the accused locked the office and fled."
401,"Section 401 prosecution for gang theft. Police recovered stolen jewelry, vehicles, and break-in tools from the gang's hideout.","A patrolling squad in Vadodara intercepted five individuals, including Sunil Dutt, on 4th July 2024. The suspects were carrying housebreaking tools, iron rods, and masks. Investigation revealed they belonged to a notorious gang of thieves operating under Section 401."
300,"The accused with full knowledge that the act is so imminently dangerous that it must in all probability cause death, committed murder.","In the jurisdiction of Obour, the prosecution proved that Sanjay Dutt deliberately poisoned the meal of Alok with arsenic. The victim consumed the poisoned meal, suffered severe internal hemorrhage, and passed away on 30th December 2024 at the local hospital."
420,Cheating and dishonestly inducing delivery of property. The accused deceived the complainant and dishonestly induced them to deliver cash or property.,"The complainant alleged that the accused Anil Mehta running a bogus real estate firm in Obour promised to deliver a 2BHK flat. The complainant paid Rs. 250,000 on 30th December 2024, after which the accused locked the office and fled."
498A,"Harassment, abuse, and mental torture inflicted upon the wife by her in-laws, leading to police complaint.","The complainant Harish filed a complaint in Patna alleging that her husband Karan Johar and mother-in-law subjected her to severe cruelty since their marriage on 23rd March 2024. They repeatedly demanded Rs. 50,000 as additional dowry."
300,Culpable homicide amounting to murder. The accused with intent to cause death attacked the victim with a dangerous weapon.,"In the jurisdiction of Chandigarh, the prosecution proved that Rohan Das deliberately poisoned the meal of Vivek with arsenic. The victim consumed the poisoned meal, suffered severe internal hemorrhage, and passed away on 18th May 2025 at the local hospital."
376,"Accusation of sexual assault under Section 376 where consent was obtained through coercion, threat, or false promise of marriage.",The trial court convicted Ramesh Sen under Section 376 for the gang rape/rape of the survivor in Mumbai. The survivor testified that the accused abducted her on 23rd March 2024 and committed the heinous offense in a moving vehicle.
420,Cheating and dishonestly inducing delivery of property. The accused deceived the complainant and dishonestly induced them to deliver cash or property.,"The complainant alleged that the accused Pankaj Tripathi running a bogus real estate firm in Bhopal promised to deliver a 2BHK flat. The complainant paid Rs. 800,000 on 23rd March 2024, after which the accused locked the office and fled."
307,"Attempt to murder under Section 307. Accused fired at the victim or stabbed them, causing near-fatal injuries.","On 4th July 2024, the accused Vijay Yadav intercepted the victim Divya in Indore and stabbed him in the abdomen with a axe. The victim survived after undergoing a five-hour emergency surgery. The accused is charged under Section 307."
302,Liability under section 302 for taking the life of a person with malice and pre-planning.,State vs Ramesh Sen: The accused was indicted under Section 302 for the murder of Vivek in Bengaluru. Eyewitness testimonies and the recovery of the pistol at the instance of the accused established guilt beyond reasonable doubt.
300,Intentionally causing bodily injury leading to the death of the victim. The assailant struck the victim repeatedly on vital organs.,"On the night of 23rd March 2024, the accused Amit Singh engaged in a heated argument with the victim Harish over a property boundary in Surat. The accused subsequently went inside, fetched a axe, and inflicted multiple blows on the victim's head, causing instant death."
307,Assault with intent to kill. The victim survived the brutal assault due to timely medical intervention.,"During a political rally in Bengaluru on 15th August 2024, Anil Mehta tried to strangulate Anita with a wire. Bystanders intervened and rescued the victim, who was unconscious. A case under Section 307 was registered against the assailant."
302,Criminal prosecution for murder under IPC Section 302. Conviction entails rigorous life imprisonment and monetary fine.,State vs Rahul Verma: The accused was indicted under Section 302 for the murder of Radha in Surat. Eyewitness testimonies and the recovery of the sharp knife at the instance of the accused established guilt beyond reasonable doubt.
300,"The accused with full knowledge that the act is so imminently dangerous that it must in all probability cause death, committed murder.","On the night of 29th September 2024, the accused Rohan Das engaged in a heated argument with the victim Seema over a property boundary in Chandigarh. The accused subsequently went inside, fetched a revolver, and inflicted multiple blows on the victim's head, causing instant death."
307,Assault with intent to kill. The victim survived the brutal assault due to timely medical intervention.,The accused Rahul Verma fired two rounds from a iron rod at Abhishek in Pune due to commercial rivalry. One bullet grazed the victim's shoulder. The police registered a case of attempt to murder under Section 307.
376,Prosecution for rape under Section 376. The victim's testimony was corroborated by medical evidence and forensic DNA reports.,A case under Section 376 was registered against Pankaj Tripathi in Patna. The victim alleged that she was drugged at a party and sexually assaulted while unconscious. The police recovered CCTV footage verifying the presence of the accused.
300,"The accused with full knowledge that the act is so imminently dangerous that it must in all probability cause death, committed murder.","In the jurisdiction of Bhopal, the prosecution proved that Deepak Gupta deliberately poisoned the meal of Anita with arsenic. The victim consumed the poisoned meal, suffered severe internal hemorrhage, and passed away on 29th September 2024 at the local hospital."
376,"Accusation of sexual assault under Section 376 where consent was obtained through coercion, threat, or false promise of marriage.",The trial court convicted Arjun Kapoor under Section 376 for the gang rape/rape of the survivor in Surat. The survivor testified that the accused abducted her on 15th August 2024 and committed the heinous offense in a moving vehicle.
401,Punishment for belonging to a gang of thieves. The accused was found associated with a group of persons associated for the purpose of habitually committing theft.,A gang of habitual car thieves was apprehended in Jaipur. The accused Karan Johar was found to be the mastermind who dismantled stolen cars and sold spare parts. The prosecution pressed charges under Section 401.
300,Culpable homicide amounting to murder. The accused with intent to cause death attacked the victim with a dangerous weapon.,"The accused Pankaj Tripathi suspected his business partner Raj of embezzlement. On 30th December 2024, Pankaj Tripathi lured Raj to an abandoned warehouse in Surat and strangled him to death. The body was later disposed of in a nearby canal."
420,Online phishing and transaction fraud. The accused induced the victim to share bank credentials and stole funds.,"The accused Arjun Kapoor forged ownership documents of a commercial land plot in Chandigarh and sold it to Maya for Rs. 75,000. The fraud was discovered when the victim applied for a building permit."
376,Punishment for sexual assault and rape. The accused committed sexual intercourse with the victim without consent or against her will.,The trial court convicted Arjun Kapoor under Section 376 for the gang rape/rape of the survivor in Hyderabad. The survivor testified that the accused abducted her on 15th August 2024 and committed the heinous offense in a moving vehicle.
498A,Domestic violence and cruelty under Section 498A. Demands for cash and vehicles by husband and in-laws.,"On 12th January 2025, the complainant filed an FIR at the women's police station in Kanpur against Vikram Rathore (husband). She stated that she was kicked out of the house at midnight because her family could not pay Rs. 300,000 demanded by the in-laws."
302,Trial for committing murder where the state seeks life imprisonment or capital punishment for the heinous offense.,State vs Suresh Sharma: The accused was indicted under Section 302 for the murder of Sameer in Hyderabad. Eyewitness testimonies and the recovery of the dagger at the instance of the accused established guilt beyond reasonable doubt.
420,Corporate scam and misrepresentation. The suspect cheated investors of millions by showing forged balance sheets.,"The accused Aakash Roy misrepresented himself as a registered financial broker and collected Rs. 300,000 from the victim Divya in Delhi. He generated fake investment certificates and siphoned the entire capital."
401,"Section 401 prosecution for gang theft. Police recovered stolen jewelry, vehicles, and break-in tools from the gang's hideout.",A gang of habitual car thieves was apprehended in Indore. The accused Pankaj Tripathi was found to be the mastermind who dismantled stolen cars and sold spare parts. The prosecution pressed charges under Section 401.
420,Cheating and dishonestly inducing delivery of property. The accused deceived the complainant and dishonestly induced them to deliver cash or property.,"In Indore, the police arrested Ramesh Sen for running an online job scam. The accused cheated over fifty youngsters of Rs. 300,000 each, promising them government jobs and issuing fake appointment letters on 29th September 2024."
376,"Accusation of sexual assault under Section 376 where consent was obtained through coercion, threat, or false promise of marriage.",The victim filed a First Information Report (FIR) in Ahmedabad stating that the accused Sunil Dutt committed rape under the false promise of marriage. The accused later refused to marry her and threatened her with dire consequences.
420,Corporate scam and misrepresentation. The suspect cheated investors of millions by showing forged balance sheets.,"The accused Karan Johar forged ownership documents of a commercial land plot in Bhopal and sold it to Radha for Rs. 1,200,000. The fraud was discovered when the victim applied for a building permit."
401,Apprehension of active gang members committing habitual housebreaking and theft.,"On 5th November 2023, the police raided a hideout in Kanpur and arrested four gang members, including Sanjay Dutt. Stolen jewelry worth Rs. 2,000,000 was recovered. The gang had been habitually committing house thefts in the region."
420,Financial fraud and cheating under Section 420. Deception practiced to obtain monetary benefit fraudulently.,"The accused Rajesh Kumar misrepresented himself as a registered financial broker and collected Rs. 1,200,000 from the victim Vijay in Bengaluru. He generated fake investment certificates and siphoned the entire capital."
302,Punishment for murder. The accused stands charged with committing murder and is liable to be punished with death or imprisonment for life.,State vs Amit Singh: The accused was indicted under Section 302 for the murder of Radha in Ahmedabad. Eyewitness testimonies and the recovery of the pistol at the instance of the accused established guilt beyond reasonable doubt.
420,Cheating and dishonestly inducing delivery of property. The accused deceived the complainant and dishonestly induced them to deliver cash or property.,"In Amritsar, the police arrested Suresh Sharma for running an online job scam. The accused cheated over fifty youngsters of Rs. 2,000,000 each, promising them government jobs and issuing fake appointment letters on 4th July 2024."
302,Liability under section 302 for taking the life of a person with malice and pre-planning.,"A charge sheet was filed under Section 302 against Manoj Bajpayee for the premeditated killing of Geeta in Amritsar. The accused had used a wooden stick to inflict ten deep wounds, ensuring the death of the victim."
302,Criminal prosecution for murder under IPC Section 302. Conviction entails rigorous life imprisonment and monetary fine.,"A charge sheet was filed under Section 302 against Manoj Bajpayee for the premeditated killing of Kiran in Hyderabad. The accused had used a iron rod to inflict ten deep wounds, ensuring the death of the victim."
302,Punishment for murder. The accused stands charged with committing murder and is liable to be punished with death or imprisonment for life.,"The Sessions Court of Nagpur found the accused Anil Mehta guilty of murder under Section 302. On 23rd March 2024, the accused had murdered his neighbor Alok with a hammer in broad daylight. The court sentenced the convict to life imprisonment."
302,Trial for committing murder where the state seeks life imprisonment or capital punishment for the heinous offense.,"The Sessions Court of Kolkata found the accused Harish Iyer guilty of murder under Section 302. On 15th August 2024, the accused had murdered his neighbor Alok with a iron rod in broad daylight. The court sentenced the convict to life imprisonment."
420,Cheating and dishonestly inducing delivery of property. The accused deceived the complainant and dishonestly induced them to deliver cash or property.,"The accused Sunil Dutt misrepresented himself as a registered financial broker and collected Rs. 800,000 from the victim Anita in Delhi. He generated fake investment certificates and siphoned the entire capital."
302,Trial for committing murder where the state seeks life imprisonment or capital punishment for the heinous offense.,"A charge sheet was filed under Section 302 against Arjun Kapoor for the premeditated killing of Kiran in Nagpur. The accused had used a iron rod to inflict ten deep wounds, ensuring the death of the victim."
376,Offense of rape defined under Section 375 and punishable under Section 376. Non-consensual sexual act.,The victim filed a First Information Report (FIR) in Nagpur stating that the accused Vijay Yadav committed rape under the false promise of marriage. The accused later refused to marry her and threatened her with dire consequences.
300,Culpable homicide amounting to murder. The accused with intent to cause death attacked the victim with a dangerous weapon.,"On the night of 10th October 2023, the accused Sunil Dutt engaged in a heated argument with the victim Harish over a property boundary in Pune. The accused subsequently went inside, fetched a axe, and inflicted multiple blows on the victim's head, causing instant death."
307,"Attempt to commit murder. The accused performed an act with such intention and under such circumstances that if death occurred, it would be murder.",The accused Umesh Chandra fired two rounds from a pistol at Kiran in Jaipur due to commercial rivalry. One bullet grazed the victim's shoulder. The police registered a case of attempt to murder under Section 307.
420,Corporate scam and misrepresentation. The suspect cheated investors of millions by showing forged balance sheets.,"In Surat, the police arrested Ramesh Sen for running an online job scam. The accused cheated over fifty youngsters of Rs. 800,000 each, promising them government jobs and issuing fake appointment letters on 4th July 2024."
302,Criminal prosecution for murder under IPC Section 302. Conviction entails rigorous life imprisonment and monetary fine.,"A charge sheet was filed under Section 302 against Rohan Das for the premeditated killing of Abhishek in Indore. The accused had used a dagger to inflict ten deep wounds, ensuring the death of the victim."
401,Apprehension of active gang members committing habitual housebreaking and theft.,"On 29th September 2024, the police raided a hideout in Vadodara and arrested four gang members, including Vikram Rathore. Stolen jewelry worth Rs. 150,000 was recovered. The gang had been habitually committing house thefts in the region."
498A,Husband or relative of husband of a woman subjecting her to cruelty. Physical and mental harassment for dowry demands.,A case under Section 498A was registered against Ramesh Sen in Bengaluru. The victim alleged that she was physically assaulted and mentally harassed by her husband and sister-in-law for not bringing a luxury sedan in dowry.
300,Culpable homicide amounting to murder. The accused with intent to cause death attacked the victim with a dangerous weapon.,"A land dispute between Deepak Gupta and Pooja in Amritsar turned violent. Deepak Gupta loaded a iron rod and shot Pooja from close range, causing fatal injury to the chest. Forensic reports confirmed that the shot was fired with direct intention to cause death."
376,Prosecution for rape under Section 376. The victim's testimony was corroborated by medical evidence and forensic DNA reports.,The victim filed a First Information Report (FIR) in Mumbai stating that the accused Vikram Rathore committed rape under the false promise of marriage. The accused later refused to marry her and threatened her with dire consequences.
307,Assault with intent to kill. The victim survived the brutal assault due to timely medical intervention.,"On 15th August 2024, the accused Manoj Bajpayee intercepted the victim Alok in Hyderabad and stabbed him in the abdomen with a hammer. The victim survived after undergoing a five-hour emergency surgery. The accused is charged under Section 307."
401,Punishment for belonging to a gang of thieves. The accused was found associated with a group of persons associated for the purpose of habitually committing theft.,A gang of habitual car thieves was apprehended in Kolkata. The accused Deepak Gupta was found to be the mastermind who dismantled stolen cars and sold spare parts. The prosecution pressed charges under Section 401.
307,"Violent attack with a lethal weapon with clear intent to end the victim's life, resulting in hospitalization.","The accused Pankaj Tripathi mixed pesticide in the tea served to Raj in Mumbai. The victim sensed the strange odor and spat it out, but still suffered minor poisoning. Charged with attempt to murder under Section 307."
420,Corporate scam and misrepresentation. The suspect cheated investors of millions by showing forged balance sheets.,"In Amritsar, the police arrested Arjun Kapoor for running an online job scam. The accused cheated over fifty youngsters of Rs. 250,000 each, promising them government jobs and issuing fake appointment letters on 4th July 2024."
376,Punishment for sexual assault and rape. The accused committed sexual intercourse with the victim without consent or against her will.,A case under Section 376 was registered against Vikram Rathore in Obour. The victim alleged that she was drugged at a party and sexually assaulted while unconscious. The police recovered CCTV footage verifying the presence of the accused.
420,Corporate scam and misrepresentation. The suspect cheated investors of millions by showing forged balance sheets.,"In Surat, the police arrested Rahul Verma for running an online job scam. The accused cheated over fifty youngsters of Rs. 1,200,000 each, promising them government jobs and issuing fake appointment letters on 18th May 2025."
401,Conspiracy to commit theft by a professional gang. Accused were caught patrolling residential areas with intention to steal.,"On 4th July 2024, the police raided a hideout in Patna and arrested four gang members, including Pankaj Tripathi. Stolen jewelry worth Rs. 2,000,000 was recovered. The gang had been habitually committing house thefts in the region."
420,Cheating and dishonestly inducing delivery of property. The accused deceived the complainant and dishonestly induced them to deliver cash or property.,"The accused Rahul Verma misrepresented himself as a registered financial broker and collected Rs. 250,000 from the victim Sameer in Indore. He generated fake investment certificates and siphoned the entire capital."
498A,Cruelty by husband and relatives. Complainant was locked in a room and denied food for failing to bring dowry.,"On 5th November 2023, the complainant filed an FIR at the women's police station in Mumbai against Arjun Kapoor (husband). She stated that she was kicked out of the house at midnight because her family could not pay Rs. 75,000 demanded by the in-laws."
307,"Attempt to commit murder. The accused performed an act with such intention and under such circumstances that if death occurred, it would be murder.","The accused Sanjay Dutt mixed pesticide in the tea served to Mohan in Ahmedabad. The victim sensed the strange odor and spat it out, but still suffered minor poisoning. Charged with attempt to murder under Section 307."
307,Assault with intent to kill. The victim survived the brutal assault due to timely medical intervention.,"During a political rally in Pune on 5th November 2023, Vikram Rathore tried to strangulate Raj with a wire. Bystanders intervened and rescued the victim, who was unconscious. A case under Section 307 was registered against the assailant."
498A,Cruelty by husband and relatives. Complainant was locked in a room and denied food for failing to bring dowry.,A case under Section 498A was registered against Deepak Gupta in Amritsar. The victim alleged that she was physically assaulted and mentally harassed by her husband and sister-in-law for not bringing a luxury sedan in dowry.
498A,Husband or relative of husband of a woman subjecting her to cruelty. Physical and mental harassment for dowry demands.,"The complainant Sandeep filed a complaint in Surat alleging that her husband Suresh Sharma and mother-in-law subjected her to severe cruelty since their marriage on 4th July 2024. They repeatedly demanded Rs. 50,000 as additional dowry."
307,"Attempt to murder under Section 307. Accused fired at the victim or stabbed them, causing near-fatal injuries.","The accused Pankaj Tripathi mixed pesticide in the tea served to Sameer in Ahmedabad. The victim sensed the strange odor and spat it out, but still suffered minor poisoning. Charged with attempt to murder under Section 307."
376,Offense of rape defined under Section 375 and punishable under Section 376. Non-consensual sexual act.,"In Kanpur, the accused Amit Singh entered the victim Alok's residence when she was alone on 12th January 2025 and subjected her to sexual assault. The medical examination confirmed signs of physical struggle and non-consensual intercourse."
420,Corporate scam and misrepresentation. The suspect cheated investors of millions by showing forged balance sheets.,"The accused Vikram Rathore misrepresented himself as a registered financial broker and collected Rs. 2,000,000 from the victim Divya in Vadodara. He generated fake investment certificates and siphoned the entire capital."
401,Punishment for belonging to a gang of thieves. The accused was found associated with a group of persons associated for the purpose of habitually committing theft.,"A patrolling squad in Patna intercepted five individuals, including Anil Mehta, on 18th May 2025. The suspects were carrying housebreaking tools, iron rods, and masks. Investigation revealed they belonged to a notorious gang of thieves operating under Section 401."
302,Criminal prosecution for murder under IPC Section 302. Conviction entails rigorous life imprisonment and monetary fine.,State vs Rohan Das: The accused was indicted under Section 302 for the murder of Sandeep in Bhopal. Eyewitness testimonies and the recovery of the dagger at the instance of the accused established guilt beyond reasonable doubt.
376,Offense of rape defined under Section 375 and punishable under Section 376. Non-consensual sexual act.,The trial court convicted Arjun Kapoor under Section 376 for the gang rape/rape of the survivor in Jaipur. The survivor testified that the accused abducted her on 15th August 2024 and committed the heinous offense in a moving vehicle.
420,Financial fraud and cheating under Section 420. Deception practiced to obtain monetary benefit fraudulently.,"The accused Rahul Verma forged ownership documents of a commercial land plot in Surat and sold it to Sameer for Rs. 150,000. The fraud was discovered when the victim applied for a building permit."
302,Liability under section 302 for taking the life of a person with malice and pre-planning.,State vs Aakash Roy: The accused was indicted under Section 302 for the murder of Harish in Nagpur. Eyewitness testimonies and the recovery of the wooden stick at the instance of the accused established guilt beyond reasonable doubt.
498A,Cruelty by husband and relatives. Complainant was locked in a room and denied food for failing to bring dowry.,"On 10th October 2023, the complainant filed an FIR at the women's police station in Chandigarh against Vijay Yadav (husband). She stated that she was kicked out of the house at midnight because her family could not pay Rs. 50,000 demanded by the in-laws."
300,Intentionally causing bodily injury leading to the death of the victim. The assailant struck the victim repeatedly on vital organs.,"On the night of 29th September 2024, the accused Anil Mehta engaged in a heated argument with the victim Sameer over a property boundary in Obour. The accused subsequently went inside, fetched a sickle, and inflicted multiple blows on the victim's head, causing instant death."
307,"Attempt to murder under Section 307. Accused fired at the victim or stabbed them, causing near-fatal injuries.","During a political rally in Bhopal on 10th October 2023, Harish Iyer tried to strangulate Vivek with a wire. Bystanders intervened and rescued the victim, who was unconscious. A case under Section 307 was registered against the assailant."
300,"The accused with full knowledge that the act is so imminently dangerous that it must in all probability cause death, committed murder.","In the jurisdiction of Ahmedabad, the prosecution proved that Pankaj Tripathi deliberately poisoned the meal of Kiran with arsenic. The victim consumed the poisoned meal, suffered severe internal hemorrhage, and passed away on 29th September 2024 at the local hospital."
307,"Violent attack with a lethal weapon with clear intent to end the victim's life, resulting in hospitalization.","The accused Suresh Sharma mixed pesticide in the tea served to Maya in Thane. The victim sensed the strange odor and spat it out, but still suffered minor poisoning. Charged with attempt to murder under Section 307."
401,"Section 401 prosecution for gang theft. Police recovered stolen jewelry, vehicles, and break-in tools from the gang's hideout.","On 15th August 2024, the police raided a hideout in Kolkata and arrested four gang members, including Manoj Bajpayee. Stolen jewelry worth Rs. 1,000,000 was recovered. The gang had been habitually committing house thefts in the region."
307,Assault with intent to kill. The victim survived the brutal assault due to timely medical intervention.,"During a political rally in Amritsar on 18th May 2025, Sanjay Dutt tried to strangulate Abhishek with a wire. Bystanders intervened and rescued the victim, who was unconscious. A case under Section 307 was registered against the assailant."
376,Prosecution for rape under Section 376. The victim's testimony was corroborated by medical evidence and forensic DNA reports.,The trial court convicted Umesh Chandra under Section 376 for the gang rape/rape of the survivor in Mumbai. The survivor testified that the accused abducted her on 5th November 2023 and committed the heinous offense in a moving vehicle.
401,"Section 401 prosecution for gang theft. Police recovered stolen jewelry, vehicles, and break-in tools from the gang's hideout.","A patrolling squad in Obour intercepted five individuals, including Anil Mehta, on 23rd March 2024. The suspects were carrying housebreaking tools, iron rods, and masks. Investigation revealed they belonged to a notorious gang of thieves operating under Section 401."
376,Punishment for sexual assault and rape. The accused committed sexual intercourse with the victim without consent or against her will.,The victim filed a First Information Report (FIR) in Obour stating that the accused Ramesh Sen committed rape under the false promise of marriage. The accused later refused to marry her and threatened her with dire consequences.
300,Commission of homicide where the bodily injury intended to be inflicted is sufficient in the ordinary course of nature to cause death.,"A land dispute between Deepak Gupta and Vijay in Thane turned violent. Deepak Gupta loaded a pistol and shot Vijay from close range, causing fatal injury to the chest. Forensic reports confirmed that the shot was fired with direct intention to cause death."
420,Financial fraud and cheating under Section 420. Deception practiced to obtain monetary benefit fraudulently.,"The complainant alleged that the accused Amit Singh running a bogus real estate firm in Kanpur promised to deliver a 2BHK flat. The complainant paid Rs. 2,000,000 on 30th December 2024, after which the accused locked the office and fled."
307,"Violent attack with a lethal weapon with clear intent to end the victim's life, resulting in hospitalization.",The accused Harish Iyer fired two rounds from a sickle at Radha in Chandigarh due to commercial rivalry. One bullet grazed the victim's shoulder. The police registered a case of attempt to murder under Section 307.
401,"Section 401 prosecution for gang theft. Police recovered stolen jewelry, vehicles, and break-in tools from the gang's hideout.",A gang of habitual car thieves was apprehended in Kolkata. The accused Aakash Roy was found to be the mastermind who dismantled stolen cars and sold spare parts. The prosecution pressed charges under Section 401.
307,"Violent attack with a lethal weapon with clear intent to end the victim's life, resulting in hospitalization.","During a political rally in Mumbai on 15th August 2024, Karan Johar tried to strangulate Abhishek with a wire. Bystanders intervened and rescued the victim, who was unconscious. A case under Section 307 was registered against the assailant."
307,"Attempt to murder under Section 307. Accused fired at the victim or stabbed them, causing near-fatal injuries.","The accused Harish Iyer mixed pesticide in the tea served to Anita in Kanpur. The victim sensed the strange odor and spat it out, but still suffered minor poisoning. Charged with attempt to murder under Section 307."
498A,Cruelty by husband and relatives. Complainant was locked in a room and denied food for failing to bring dowry.,A case under Section 498A was registered against Rajesh Kumar in Pune. The victim alleged that she was physically assaulted and mentally harassed by her husband and sister-in-law for not bringing a luxury sedan in dowry.
376,"Accusation of sexual assault under Section 376 where consent was obtained through coercion, threat, or false promise of marriage.","In Hyderabad, the accused Vikram Rathore entered the victim Maya's residence when she was alone on 23rd March 2024 and subjected her to sexual assault. The medical examination confirmed signs of physical struggle and non-consensual intercourse."
376,Offense of rape defined under Section 375 and punishable under Section 376. Non-consensual sexual act.,A case under Section 376 was registered against Vijay Yadav in Nagpur. The victim alleged that she was drugged at a party and sexually assaulted while unconscious. The police recovered CCTV footage verifying the presence of the accused.
302,Liability under section 302 for taking the life of a person with malice and pre-planning.,The High Court upheld the life sentence of Rahul Verma for committing murder under Section 302. The victim Divya was brutally beaten to death in Jaipur over an ancestral family feud on 4th July 2024.
302,Criminal prosecution for murder under IPC Section 302. Conviction entails rigorous life imprisonment and monetary fine.,"The Sessions Court of Mumbai found the accused Karan Johar guilty of murder under Section 302. On 23rd March 2024, the accused had murdered his neighbor Gopal with a hammer in broad daylight. The court sentenced the convict to life imprisonment."
307,"Attempt to murder under Section 307. Accused fired at the victim or stabbed them, causing near-fatal injuries.",The accused Manish Paul fired two rounds from a revolver at Harish in Kolkata due to commercial rivalry. One bullet grazed the victim's shoulder. The police registered a case of attempt to murder under Section 307.
376,Offense of rape defined under Section 375 and punishable under Section 376. Non-consensual sexual act.,A case under Section 376 was registered against Umesh Chandra in Bhopal. The victim alleged that she was drugged at a party and sexually assaulted while unconscious. The police recovered CCTV footage verifying the presence of the accused.
307,"Attempt to commit murder. The accused performed an act with such intention and under such circumstances that if death occurred, it would be murder.",The accused Amit Singh fired two rounds from a axe at Sameer in Kolkata due to commercial rivalry. One bullet grazed the victim's shoulder. The police registered a case of attempt to murder under Section 307.
302,Liability under section 302 for taking the life of a person with malice and pre-planning.,The High Court upheld the life sentence of Ramesh Sen for committing murder under Section 302. The victim Harish was brutally beaten to death in Hyderabad over an ancestral family feud on 4th July 2024.
302,Punishment for murder. The accused stands charged with committing murder and is liable to be punished with death or imprisonment for life.,State vs Manish Paul: The accused was indicted under Section 302 for the murder of Seema in Pune. Eyewitness testimonies and the recovery of the hammer at the instance of the accused established guilt beyond reasonable doubt.
401,"Section 401 prosecution for gang theft. Police recovered stolen jewelry, vehicles, and break-in tools from the gang's hideout.",A gang of habitual car thieves was apprehended in Vadodara. The accused Vikram Rathore was found to be the mastermind who dismantled stolen cars and sold spare parts. The prosecution pressed charges under Section 401.
376,Prosecution for rape under Section 376. The victim's testimony was corroborated by medical evidence and forensic DNA reports.,"In Obour, the accused Arjun Kapoor entered the victim Gopal's residence when she was alone on 10th October 2023 and subjected her to sexual assault. The medical examination confirmed signs of physical struggle and non-consensual intercourse."
307,"Attempt to commit murder. The accused performed an act with such intention and under such circumstances that if death occurred, it would be murder.",The accused Rohan Das fired two rounds from a iron rod at Kiran in Indore due to commercial rivalry. One bullet grazed the victim's shoulder. The police registered a case of attempt to murder under Section 307.
300,Commission of homicide where the bodily injury intended to be inflicted is sufficient in the ordinary course of nature to cause death.,"In the jurisdiction of Ahmedabad, the prosecution proved that Arjun Kapoor deliberately poisoned the meal of Mohan with arsenic. The victim consumed the poisoned meal, suffered severe internal hemorrhage, and passed away on 23rd March 2024 at the local hospital."
401,"Section 401 prosecution for gang theft. Police recovered stolen jewelry, vehicles, and break-in tools from the gang's hideout.","A patrolling squad in Surat intercepted five individuals, including Amit Singh, on 15th August 2024. The suspects were carrying housebreaking tools, iron rods, and masks. Investigation revealed they belonged to a notorious gang of thieves operating under Section 401."
376,Offense of rape defined under Section 375 and punishable under Section 376. Non-consensual sexual act.,A case under Section 376 was registered against Harish Iyer in Pune. The victim alleged that she was drugged at a party and sexually assaulted while unconscious. The police recovered CCTV footage verifying the presence of the accused.
307,Assault with intent to kill. The victim survived the brutal assault due to timely medical intervention.,"During a political rally in Surat on 30th December 2024, Amit Singh tried to strangulate Sandeep with a wire. Bystanders intervened and rescued the victim, who was unconscious. A case under Section 307 was registered against the assailant."
401,Conspiracy to commit theft by a professional gang. Accused were caught patrolling residential areas with intention to steal.,"The police busted an active criminal gang in Bhopal that specialized in highway thefts. The accused Pankaj Tripathi and his accomplices were arrested, and stolen laptops, mobile phones, and cash were seized. Charged under Section 401."
307,Assault with intent to kill. The victim survived the brutal assault due to timely medical intervention.,"On 30th December 2024, the accused Sunil Dutt intercepted the victim Geeta in Lucknow and stabbed him in the abdomen with a sickle. The victim survived after undergoing a five-hour emergency surgery. The accused is charged under Section 307."
307,"Violent attack with a lethal weapon with clear intent to end the victim's life, resulting in hospitalization.","On 29th September 2024, the accused Sunil Dutt intercepted the victim Maya in Mumbai and stabbed him in the abdomen with a wooden stick. The victim survived after undergoing a five-hour emergency surgery. The accused is charged under Section 307."
498A,Domestic violence and cruelty under Section 498A. Demands for cash and vehicles by husband and in-laws.,"The victim Vivek of Pune committed suicide after continuous harassment by her husband Suresh Sharma and his relatives. The police found diary entries detailing constant taunts and physical abuse, prompting charges under Section 498A."
498A,Domestic violence and cruelty under Section 498A. Demands for cash and vehicles by husband and in-laws.,"The victim Anita of Obour committed suicide after continuous harassment by her husband Sanjay Dutt and his relatives. The police found diary entries detailing constant taunts and physical abuse, prompting charges under Section 498A."
401,Punishment for belonging to a gang of thieves. The accused was found associated with a group of persons associated for the purpose of habitually committing theft.,"A patrolling squad in Pune intercepted five individuals, including Karan Johar, on 4th July 2024. The suspects were carrying housebreaking tools, iron rods, and masks. Investigation revealed they belonged to a notorious gang of thieves operating under Section 401."
302,Punishment for murder. The accused stands charged with committing murder and is liable to be punished with death or imprisonment for life.,"The Sessions Court of Vadodara found the accused Pankaj Tripathi guilty of murder under Section 302. On 18th May 2025, the accused had murdered his neighbor Maya with a sickle in broad daylight. The court sentenced the convict to life imprisonment."
300,"The accused with full knowledge that the act is so imminently dangerous that it must in all probability cause death, committed murder.","In the jurisdiction of Pune, the prosecution proved that Manoj Bajpayee deliberately poisoned the meal of Mohan with arsenic. The victim consumed the poisoned meal, suffered severe internal hemorrhage, and passed away on 23rd March 2024 at the local hospital."
376,Punishment for sexual assault and rape. The accused committed sexual intercourse with the victim without consent or against her will.,A case under Section 376 was registered against Harish Iyer in Delhi. The victim alleged that she was drugged at a party and sexually assaulted while unconscious. The police recovered CCTV footage verifying the presence of the accused.
420,Cheating and dishonestly inducing delivery of property. The accused deceived the complainant and dishonestly induced them to deliver cash or property.,"The complainant alleged that the accused Vijay Yadav running a bogus real estate firm in Vadodara promised to deliver a 2BHK flat. The complainant paid Rs. 1,000,000 on 23rd March 2024, after which the accused locked the office and fled."
401,Apprehension of active gang members committing habitual housebreaking and theft.,"On 15th August 2024, the police raided a hideout in Hyderabad and arrested four gang members, including Anil Mehta. Stolen jewelry worth Rs. 1,200,000 was recovered. The gang had been habitually committing house thefts in the region."
420,Online phishing and transaction fraud. The accused induced the victim to share bank credentials and stole funds.,"The complainant alleged that the accused Pankaj Tripathi running a bogus real estate firm in Nagpur promised to deliver a 2BHK flat. The complainant paid Rs. 1,000,000 on 15th August 2024, after which the accused locked the office and fled."
498A,Domestic violence and cruelty under Section 498A. Demands for cash and vehicles by husband and in-laws.,"On 4th July 2024, the complainant filed an FIR at the women's police station in Surat against Sunil Dutt (husband). She stated that she was kicked out of the house at midnight because her family could not pay Rs. 1,200,000 demanded by the in-laws."
307,"Attempt to murder under Section 307. Accused fired at the victim or stabbed them, causing near-fatal injuries.","During a political rally in Patna on 5th November 2023, Arjun Kapoor tried to strangulate Anita with a wire. Bystanders intervened and rescued the victim, who was unconscious. A case under Section 307 was registered against the assailant."
420,Financial fraud and cheating under Section 420. Deception practiced to obtain monetary benefit fraudulently.,"The accused Harish Iyer misrepresented himself as a registered financial broker and collected Rs. 2,000,000 from the victim Sameer in Thane. He generated fake investment certificates and siphoned the entire capital."
300,Culpable homicide amounting to murder. The accused with intent to cause death attacked the victim with a dangerous weapon.,"A land dispute between Manoj Bajpayee and Harish in Bengaluru turned violent. Manoj Bajpayee loaded a hammer and shot Harish from close range, causing fatal injury to the chest. Forensic reports confirmed that the shot was fired with direct intention to cause death."
307,Assault with intent to kill. The victim survived the brutal assault due to timely medical intervention.,The accused Sanjay Dutt fired two rounds from a pistol at Harish in Surat due to commercial rivalry. One bullet grazed the victim's shoulder. The police registered a case of attempt to murder under Section 307.
420,Financial fraud and cheating under Section 420. Deception practiced to obtain monetary benefit fraudulently.,"The complainant alleged that the accused Amit Singh running a bogus real estate firm in Bengaluru promised to deliver a 2BHK flat. The complainant paid Rs. 5,000,000 on 18th May 2025, after which the accused locked the office and fled."
307,Assault with intent to kill. The victim survived the brutal assault due to timely medical intervention.,The accused Rohan Das fired two rounds from a iron rod at Abhishek in Chandigarh due to commercial rivalry. One bullet grazed the victim's shoulder. The police registered a case of attempt to murder under Section 307.
401,Punishment for belonging to a gang of thieves. The accused was found associated with a group of persons associated for the purpose of habitually committing theft.,A gang of habitual car thieves was apprehended in Chandigarh. The accused Aakash Roy was found to be the mastermind who dismantled stolen cars and sold spare parts. The prosecution pressed charges under Section 401.
300,Commission of homicide where the bodily injury intended to be inflicted is sufficient in the ordinary course of nature to cause death.,"On the night of 23rd March 2024, the accused Amit Singh engaged in a heated argument with the victim Komal over a property boundary in Nagpur. The accused subsequently went inside, fetched a dagger, and inflicted multiple blows on the victim's head, causing instant death."
498A,Domestic violence and cruelty under Section 498A. Demands for cash and vehicles by husband and in-laws.,"The complainant Gopal filed a complaint in Vadodara alleging that her husband Ramesh Sen and mother-in-law subjected her to severe cruelty since their marriage on 29th September 2024. They repeatedly demanded Rs. 50,000 as additional dowry."
420,Financial fraud and cheating under Section 420. Deception practiced to obtain monetary benefit fraudulently.,"In Delhi, the police arrested Sunil Dutt for running an online job scam. The accused cheated over fifty youngsters of Rs. 150,000 each, promising them government jobs and issuing fake appointment letters on 4th July 2024."
498A,Husband or relative of husband of a woman subjecting her to cruelty. Physical and mental harassment for dowry demands.,A case under Section 498A was registered against Umesh Chandra in Bengaluru. The victim alleged that she was physically assaulted and mentally harassed by her husband and sister-in-law for not bringing a luxury sedan in dowry.
300,Commission of homicide where the bodily injury intended to be inflicted is sufficient in the ordinary course of nature to cause death.,"On the night of 30th December 2024, the accused Harish Iyer engaged in a heated argument with the victim Maya over a property boundary in Kolkata. The accused subsequently went inside, fetched a pistol, and inflicted multiple blows on the victim's head, causing instant death."
376,Offense of rape defined under Section 375 and punishable under Section 376. Non-consensual sexual act.,"In Kanpur, the accused Aakash Roy entered the victim Vivek's residence when she was alone on 5th November 2023 and subjected her to sexual assault. The medical examination confirmed signs of physical struggle and non-consensual intercourse."
420,Financial fraud and cheating under Section 420. Deception practiced to obtain monetary benefit fraudulently.,"The accused Suresh Sharma forged ownership documents of a commercial land plot in Patna and sold it to Sameer for Rs. 1,200,000. The fraud was discovered when the victim applied for a building permit."
300,Commission of homicide where the bodily injury intended to be inflicted is sufficient in the ordinary course of nature to cause death.,"The accused Arjun Kapoor suspected his business partner Pooja of embezzlement. On 12th January 2025, Arjun Kapoor lured Pooja to an abandoned warehouse in Patna and strangled him to death. The body was later disposed of in a nearby canal."
498A,Cruelty by husband and relatives. Complainant was locked in a room and denied food for failing to bring dowry.,A case under Section 498A was registered against Arjun Kapoor in Amritsar. The victim alleged that she was physically assaulted and mentally harassed by her husband and sister-in-law for not bringing a luxury sedan in dowry.
300,Intentionally causing bodily injury leading to the death of the victim. The assailant struck the victim repeatedly on vital organs.,"In the jurisdiction of Obour, the prosecution proved that Arjun Kapoor deliberately poisoned the meal of Geeta with arsenic. The victim consumed the poisoned meal, suffered severe internal hemorrhage, and passed away on 5th November 2023 at the local hospital."
420,Financial fraud and cheating under Section 420. Deception practiced to obtain monetary benefit fraudulently.,"In Lucknow, the police arrested Rajesh Kumar for running an online job scam. The accused cheated over fifty youngsters of Rs. 2,000,000 each, promising them government jobs and issuing fake appointment letters on 4th July 2024."
300,"The accused with full knowledge that the act is so imminently dangerous that it must in all probability cause death, committed murder.","In the jurisdiction of Surat, the prosecution proved that Harish Iyer deliberately poisoned the meal of Raj with arsenic. The victim consumed the poisoned meal, suffered severe internal hemorrhage, and passed away on 18th May 2025 at the local hospital."
420,Online phishing and transaction fraud. The accused induced the victim to share bank credentials and stole funds.,"The accused Rajesh Kumar forged ownership documents of a commercial land plot in Delhi and sold it to Maya for Rs. 75,000. The fraud was discovered when the victim applied for a building permit."
300,"The accused with full knowledge that the act is so imminently dangerous that it must in all probability cause death, committed murder.","In the jurisdiction of Thane, the prosecution proved that Manoj Bajpayee deliberately poisoned the meal of Sameer with arsenic. The victim consumed the poisoned meal, suffered severe internal hemorrhage, and passed away on 23rd March 2024 at the local hospital."
376,Prosecution for rape under Section 376. The victim's testimony was corroborated by medical evidence and forensic DNA reports.,A case under Section 376 was registered against Rahul Verma in Indore. The victim alleged that she was drugged at a party and sexually assaulted while unconscious. The police recovered CCTV footage verifying the presence of the accused.
420,Cheating and dishonestly inducing delivery of property. The accused deceived the complainant and dishonestly induced them to deliver cash or property.,"In Kolkata, the police arrested Aakash Roy for running an online job scam. The accused cheated over fifty youngsters of Rs. 5,000,000 each, promising them government jobs and issuing fake appointment letters on 5th November 2023."
420,Online phishing and transaction fraud. The accused induced the victim to share bank credentials and stole funds.,"The complainant alleged that the accused Amit Singh running a bogus real estate firm in Lucknow promised to deliver a 2BHK flat. The complainant paid Rs. 300,000 on 4th July 2024, after which the accused locked the office and fled."
376,Offense of rape defined under Section 375 and punishable under Section 376. Non-consensual sexual act.,The victim filed a First Information Report (FIR) in Lucknow stating that the accused Arjun Kapoor committed rape under the false promise of marriage. The accused later refused to marry her and threatened her with dire consequences.
307,"Attempt to commit murder. The accused performed an act with such intention and under such circumstances that if death occurred, it would be murder.","During a political rally in Jaipur on 15th August 2024, Ramesh Sen tried to strangulate Harish with a wire. Bystanders intervened and rescued the victim, who was unconscious. A case under Section 307 was registered against the assailant."
307,"Violent attack with a lethal weapon with clear intent to end the victim's life, resulting in hospitalization.",The accused Suresh Sharma fired two rounds from a hammer at Maya in Amritsar due to commercial rivalry. One bullet grazed the victim's shoulder. The police registered a case of attempt to murder under Section 307.
302,Liability under section 302 for taking the life of a person with malice and pre-planning.,"A charge sheet was filed under Section 302 against Vijay Yadav for the premeditated killing of Meena in Thane. The accused had used a dagger to inflict ten deep wounds, ensuring the death of the victim."
302,Liability under section 302 for taking the life of a person with malice and pre-planning.,State vs Karan Johar: The accused was indicted under Section 302 for the murder of Abhishek in Bengaluru. Eyewitness testimonies and the recovery of the hammer at the instance of the accused established guilt beyond reasonable doubt.
401,Apprehension of active gang members committing habitual housebreaking and theft.,A gang of habitual car thieves was apprehended in Obour. The accused Suresh Sharma was found to be the mastermind who dismantled stolen cars and sold spare parts. The prosecution pressed charges under Section 401.
498A,Domestic violence and cruelty under Section 498A. Demands for cash and vehicles by husband and in-laws.,"The complainant Anita filed a complaint in Lucknow alleging that her husband Sanjay Dutt and mother-in-law subjected her to severe cruelty since their marriage on 18th May 2025. They repeatedly demanded Rs. 2,000,000 as additional dowry."
302,Liability under section 302 for taking the life of a person with malice and pre-planning.,"The Sessions Court of Amritsar found the accused Karan Johar guilty of murder under Section 302. On 18th May 2025, the accused had murdered his neighbor Radha with a sharp knife in broad daylight. The court sentenced the convict to life imprisonment."
420,Financial fraud and cheating under Section 420. Deception practiced to obtain monetary benefit fraudulently.,"The accused Deepak Gupta forged ownership documents of a commercial land plot in Kolkata and sold it to Harish for Rs. 2,000,000. The fraud was discovered when the victim applied for a building permit."
420,Online phishing and transaction fraud. The accused induced the victim to share bank credentials and stole funds.,"In Kanpur, the police arrested Vikram Rathore for running an online job scam. The accused cheated over fifty youngsters of Rs. 5,000,000 each, promising them government jobs and issuing fake appointment letters on 15th August 2024."
302,Liability under section 302 for taking the life of a person with malice and pre-planning.,"The Sessions Court of Nagpur found the accused Umesh Chandra guilty of murder under Section 302. On 5th November 2023, the accused had murdered his neighbor Harish with a pistol in broad daylight. The court sentenced the convict to life imprisonment."
498A,Domestic violence and cruelty under Section 498A. Demands for cash and vehicles by husband and in-laws.,"The complainant Divya filed a complaint in Patna alleging that her husband Vikram Rathore and mother-in-law subjected her to severe cruelty since their marriage on 5th November 2023. They repeatedly demanded Rs. 2,000,000 as additional dowry."
376,"Accusation of sexual assault under Section 376 where consent was obtained through coercion, threat, or false promise of marriage.",The victim filed a First Information Report (FIR) in Indore stating that the accused Manoj Bajpayee committed rape under the false promise of marriage. The accused later refused to marry her and threatened her with dire consequences.
420,Cheating and dishonestly inducing delivery of property. The accused deceived the complainant and dishonestly induced them to deliver cash or property.,"The complainant alleged that the accused Manish Paul running a bogus real estate firm in Hyderabad promised to deliver a 2BHK flat. The complainant paid Rs. 800,000 on 30th December 2024, after which the accused locked the office and fled."
376,Punishment for sexual assault and rape. The accused committed sexual intercourse with the victim without consent or against her will.,The trial court convicted Sunil Dutt under Section 376 for the gang rape/rape of the survivor in Lucknow. The survivor testified that the accused abducted her on 10th October 2023 and committed the heinous offense in a moving vehicle.
307,"Attempt to murder under Section 307. Accused fired at the victim or stabbed them, causing near-fatal injuries.","The accused Vikram Rathore mixed pesticide in the tea served to Anita in Amritsar. The victim sensed the strange odor and spat it out, but still suffered minor poisoning. Charged with attempt to murder under Section 307."
302,Trial for committing murder where the state seeks life imprisonment or capital punishment for the heinous offense.,"A charge sheet was filed under Section 302 against Suresh Sharma for the premeditated killing of Alok in Ahmedabad. The accused had used a iron rod to inflict ten deep wounds, ensuring the death of the victim."
302,Trial for committing murder where the state seeks life imprisonment or capital punishment for the heinous offense.,"A charge sheet was filed under Section 302 against Sanjay Dutt for the premeditated killing of Divya in Ahmedabad. The accused had used a sharp knife to inflict ten deep wounds, ensuring the death of the victim."
376,Punishment for sexual assault and rape. The accused committed sexual intercourse with the victim without consent or against her will.,A case under Section 376 was registered against Sanjay Dutt in Kolkata. The victim alleged that she was drugged at a party and sexually assaulted while unconscious. The police recovered CCTV footage verifying the presence of the accused.
401,"Section 401 prosecution for gang theft. Police recovered stolen jewelry, vehicles, and break-in tools from the gang's hideout.","A patrolling squad in Amritsar intercepted five individuals, including Sunil Dutt, on 10th October 2023. The suspects were carrying housebreaking tools, iron rods, and masks. Investigation revealed they belonged to a notorious gang of thieves operating under Section 401."
420,Online phishing and transaction fraud. The accused induced the victim to share bank credentials and stole funds.,"The complainant alleged that the accused Vikram Rathore running a bogus real estate firm in Ahmedabad promised to deliver a 2BHK flat. The complainant paid Rs. 5,000,000 on 15th August 2024, after which the accused locked the office and fled."
498A,Husband or relative of husband of a woman subjecting her to cruelty. Physical and mental harassment for dowry demands.,"On 23rd March 2024, the complainant filed an FIR at the women's police station in Lucknow against Vijay Yadav (husband). She stated that she was kicked out of the house at midnight because her family could not pay Rs. 5,000,000 demanded by the in-laws."
302,Liability under section 302 for taking the life of a person with malice and pre-planning.,"The Sessions Court of Thane found the accused Manoj Bajpayee guilty of murder under Section 302. On 4th July 2024, the accused had murdered his neighbor Sameer with a sharp knife in broad daylight. The court sentenced the convict to life imprisonment."
420,Cheating and dishonestly inducing delivery of property. The accused deceived the complainant and dishonestly induced them to deliver cash or property.,"The accused Deepak Gupta misrepresented himself as a registered financial broker and collected Rs. 150,000 from the victim Raj in Thane. He generated fake investment certificates and siphoned the entire capital."
300,Culpable homicide amounting to murder. The accused with intent to cause death attacked the victim with a dangerous weapon.,"In the jurisdiction of Pune, the prosecution proved that Harish Iyer deliberately poisoned the meal of Sameer with arsenic. The victim consumed the poisoned meal, suffered severe internal hemorrhage, and passed away on 15th August 2024 at the local hospital."
302,Punishment for murder. The accused stands charged with committing murder and is liable to be punished with death or imprisonment for life.,The High Court upheld the life sentence of Amit Singh for committing murder under Section 302. The victim Geeta was brutally beaten to death in Chandigarh over an ancestral family feud on 18th May 2025.
307,"Attempt to commit murder. The accused performed an act with such intention and under such circumstances that if death occurred, it would be murder.","On 30th December 2024, the accused Rahul Verma intercepted the victim Anita in Ahmedabad and stabbed him in the abdomen with a wooden stick. The victim survived after undergoing a five-hour emergency surgery. The accused is charged under Section 307."
302,Trial for committing murder where the state seeks life imprisonment or capital punishment for the heinous offense.,The High Court upheld the life sentence of Amit Singh for committing murder under Section 302. The victim Mohan was brutally beaten to death in Patna over an ancestral family feud on 10th October 2023.
498A,Husband or relative of husband of a woman subjecting her to cruelty. Physical and mental harassment for dowry demands.,"On 23rd March 2024, the complainant filed an FIR at the women's police station in Kanpur against Harish Iyer (husband). She stated that she was kicked out of the house at midnight because her family could not pay Rs. 5,000,000 demanded by the in-laws."
401,"Section 401 prosecution for gang theft. Police recovered stolen jewelry, vehicles, and break-in tools from the gang's hideout.",A gang of habitual car thieves was apprehended in Pune. The accused Sunil Dutt was found to be the mastermind who dismantled stolen cars and sold spare parts. The prosecution pressed charges under Section 401.
300,Culpable homicide amounting to murder. The accused with intent to cause death attacked the victim with a dangerous weapon.,"The accused Manoj Bajpayee suspected his business partner Abhishek of embezzlement. On 18th May 2025, Manoj Bajpayee lured Abhishek to an abandoned warehouse in Amritsar and strangled him to death. The body was later disposed of in a nearby canal."
420,Corporate scam and misrepresentation. The suspect cheated investors of millions by showing forged balance sheets.,"The accused Manoj Bajpayee forged ownership documents of a commercial land plot in Vadodara and sold it to Kiran for Rs. 2,000,000. The fraud was discovered when the victim applied for a building permit."
498A,Domestic violence and cruelty under Section 498A. Demands for cash and vehicles by husband and in-laws.,A case under Section 498A was registered against Vijay Yadav in Obour. The victim alleged that she was physically assaulted and mentally harassed by her husband and sister-in-law for not bringing a luxury sedan in dowry.
401,Punishment for belonging to a gang of thieves. The accused was found associated with a group of persons associated for the purpose of habitually committing theft.,"The police busted an active criminal gang in Delhi that specialized in highway thefts. The accused Manoj Bajpayee and his accomplices were arrested, and stolen laptops, mobile phones, and cash were seized. Charged under Section 401."
420,Financial fraud and cheating under Section 420. Deception practiced to obtain monetary benefit fraudulently.,"The complainant alleged that the accused Anil Mehta running a bogus real estate firm in Kolkata promised to deliver a 2BHK flat. The complainant paid Rs. 75,000 on 18th May 2025, after which the accused locked the office and fled."
420,Corporate scam and misrepresentation. The suspect cheated investors of millions by showing forged balance sheets.,"The complainant alleged that the accused Rahul Verma running a bogus real estate firm in Indore promised to deliver a 2BHK flat. The complainant paid Rs. 1,200,000 on 12th January 2025, after which the accused locked the office and fled."
498A,Domestic violence and cruelty under Section 498A. Demands for cash and vehicles by husband and in-laws.,A case under Section 498A was registered against Sanjay Dutt in Kanpur. The victim alleged that she was physically assaulted and mentally harassed by her husband and sister-in-law for not bringing a luxury sedan in dowry.
376,Offense of rape defined under Section 375 and punishable under Section 376. Non-consensual sexual act.,The trial court convicted Harish Iyer under Section 376 for the gang rape/rape of the survivor in Nagpur. The survivor testified that the accused abducted her on 30th December 2024 and committed the heinous offense in a moving vehicle.
307,"Attempt to murder under Section 307. Accused fired at the victim or stabbed them, causing near-fatal injuries.","On 15th August 2024, the accused Anil Mehta intercepted the victim Kiran in Bhopal and stabbed him in the abdomen with a dagger. The victim survived after undergoing a five-hour emergency surgery. The accused is charged under Section 307."
307,"Attempt to commit murder. The accused performed an act with such intention and under such circumstances that if death occurred, it would be murder.","During a political rally in Chandigarh on 10th October 2023, Ramesh Sen tried to strangulate Vivek with a wire. Bystanders intervened and rescued the victim, who was unconscious. A case under Section 307 was registered against the assailant."
302,Punishment for murder. The accused stands charged with committing murder and is liable to be punished with death or imprisonment for life.,The High Court upheld the life sentence of Sanjay Dutt for committing murder under Section 302. The victim Gopal was brutally beaten to death in Nagpur over an ancestral family feud on 4th July 2024.
302,Criminal prosecution for murder under IPC Section 302. Conviction entails rigorous life imprisonment and monetary fine.,"A charge sheet was filed under Section 302 against Vijay Yadav for the premeditated killing of Raj in Lucknow. The accused had used a hammer to inflict ten deep wounds, ensuring the death of the victim."
307,"Attempt to commit murder. The accused performed an act with such intention and under such circumstances that if death occurred, it would be murder.",The accused Suresh Sharma fired two rounds from a hammer at Divya in Mumbai due to commercial rivalry. One bullet grazed the victim's shoulder. The police registered a case of attempt to murder under Section 307.
302,Liability under section 302 for taking the life of a person with malice and pre-planning.,The High Court upheld the life sentence of Aakash Roy for committing murder under Section 302. The victim Alok was brutally beaten to death in Patna over an ancestral family feud on 23rd March 2024.
498A,Domestic violence and cruelty under Section 498A. Demands for cash and vehicles by husband and in-laws.,A case under Section 498A was registered against Amit Singh in Vadodara. The victim alleged that she was physically assaulted and mentally harassed by her husband and sister-in-law for not bringing a luxury sedan in dowry.
307,"Attempt to commit murder. The accused performed an act with such intention and under such circumstances that if death occurred, it would be murder.","On 18th May 2025, the accused Sanjay Dutt intercepted the victim Divya in Obour and stabbed him in the abdomen with a sharp knife. The victim survived after undergoing a five-hour emergency surgery. The accused is charged under Section 307."
300,"The accused with full knowledge that the act is so imminently dangerous that it must in all probability cause death, committed murder.","In the jurisdiction of Lucknow, the prosecution proved that Sanjay Dutt deliberately poisoned the meal of Raj with arsenic. The victim consumed the poisoned meal, suffered severe internal hemorrhage, and passed away on 30th December 2024 at the local hospital."
307,"Violent attack with a lethal weapon with clear intent to end the victim's life, resulting in hospitalization.","On 12th January 2025, the accused Rohan Das intercepted the victim Geeta in Jaipur and stabbed him in the abdomen with a wooden stick. The victim survived after undergoing a five-hour emergency surgery. The accused is charged under Section 307."
420,Cheating and dishonestly inducing delivery of property. The accused deceived the complainant and dishonestly induced them to deliver cash or property.,"The accused Harish Iyer forged ownership documents of a commercial land plot in Patna and sold it to Pooja for Rs. 75,000. The fraud was discovered when the victim applied for a building permit."
401,"Section 401 prosecution for gang theft. Police recovered stolen jewelry, vehicles, and break-in tools from the gang's hideout.","The police busted an active criminal gang in Amritsar that specialized in highway thefts. The accused Vikram Rathore and his accomplices were arrested, and stolen laptops, mobile phones, and cash were seized. Charged under Section 401."
376,Punishment for sexual assault and rape. The accused committed sexual intercourse with the victim without consent or against her will.,"In Obour, the accused Rajesh Kumar entered the victim Sandeep's residence when she was alone on 12th January 2025 and subjected her to sexual assault. The medical examination confirmed signs of physical struggle and non-consensual intercourse."
300,Commission of homicide where the bodily injury intended to be inflicted is sufficient in the ordinary course of nature to cause death.,"The accused Vikram Rathore suspected his business partner Meena of embezzlement. On 18th May 2025, Vikram Rathore lured Meena to an abandoned warehouse in Amritsar and strangled him to death. The body was later disposed of in a nearby canal."
307,Assault with intent to kill. The victim survived the brutal assault due to timely medical intervention.,"On 23rd March 2024, the accused Manish Paul intercepted the victim Kiran in Kolkata and stabbed him in the abdomen with a wooden stick. The victim survived after undergoing a five-hour emergency surgery. The accused is charged under Section 307."
376,Prosecution for rape under Section 376. The victim's testimony was corroborated by medical evidence and forensic DNA reports.,The trial court convicted Aakash Roy under Section 376 for the gang rape/rape of the survivor in Bengaluru. The survivor testified that the accused abducted her on 18th May 2025 and committed the heinous offense in a moving vehicle.
307,"Violent attack with a lethal weapon with clear intent to end the victim's life, resulting in hospitalization.",The accused Sanjay Dutt fired two rounds from a sickle at Komal in Kanpur due to commercial rivalry. One bullet grazed the victim's shoulder. The police registered a case of attempt to murder under Section 307.
376,Punishment for sexual assault and rape. The accused committed sexual intercourse with the victim without consent or against her will.,A case under Section 376 was registered against Aakash Roy in Lucknow. The victim alleged that she was drugged at a party and sexually assaulted while unconscious. The police recovered CCTV footage verifying the presence of the accused.
420,Cheating and dishonestly inducing delivery of property. The accused deceived the complainant and dishonestly induced them to deliver cash or property.,"The accused Rahul Verma misrepresented himself as a registered financial broker and collected Rs. 75,000 from the victim Komal in Kolkata. He generated fake investment certificates and siphoned the entire capital."
376,"Accusation of sexual assault under Section 376 where consent was obtained through coercion, threat, or false promise of marriage.",The trial court convicted Deepak Gupta under Section 376 for the gang rape/rape of the survivor in Surat. The survivor testified that the accused abducted her on 4th July 2024 and committed the heinous offense in a moving vehicle.
376,Punishment for sexual assault and rape. The accused committed sexual intercourse with the victim without consent or against her will.,A case under Section 376 was registered against Anil Mehta in Nagpur. The victim alleged that she was drugged at a party and sexually assaulted while unconscious. The police recovered CCTV footage verifying the presence of the accused.
420,Financial fraud and cheating under Section 420. Deception practiced to obtain monetary benefit fraudulently.,"The accused Suresh Sharma forged ownership documents of a commercial land plot in Obour and sold it to Kiran for Rs. 1,200,000. The fraud was discovered when the victim applied for a building permit."
307,"Attempt to commit murder. The accused performed an act with such intention and under such circumstances that if death occurred, it would be murder.","The accused Vikram Rathore mixed pesticide in the tea served to Abhishek in Kolkata. The victim sensed the strange odor and spat it out, but still suffered minor poisoning. Charged with attempt to murder under Section 307."
401,Conspiracy to commit theft by a professional gang. Accused were caught patrolling residential areas with intention to steal.,A gang of habitual car thieves was apprehended in Pune. The accused Aakash Roy was found to be the mastermind who dismantled stolen cars and sold spare parts. The prosecution pressed charges under Section 401.
498A,Domestic violence and cruelty under Section 498A. Demands for cash and vehicles by husband and in-laws.,A case under Section 498A was registered against Manish Paul in Indore. The victim alleged that she was physically assaulted and mentally harassed by her husband and sister-in-law for not bringing a luxury sedan in dowry.
302,Liability under section 302 for taking the life of a person with malice and pre-planning.,The High Court upheld the life sentence of Vijay Yadav for committing murder under Section 302. The victim Kiran was brutally beaten to death in Nagpur over an ancestral family feud on 23rd March 2024.
420,Cheating and dishonestly inducing delivery of property. The accused deceived the complainant and dishonestly induced them to deliver cash or property.,"The accused Karan Johar misrepresented himself as a registered financial broker and collected Rs. 800,000 from the victim Abhishek in Bhopal. He generated fake investment certificates and siphoned the entire capital."
300,"The accused with full knowledge that the act is so imminently dangerous that it must in all probability cause death, committed murder.","On the night of 10th October 2023, the accused Vijay Yadav engaged in a heated argument with the victim Harish over a property boundary in Nagpur. The accused subsequently went inside, fetched a revolver, and inflicted multiple blows on the victim's head, causing instant death."
401,"Section 401 prosecution for gang theft. Police recovered stolen jewelry, vehicles, and break-in tools from the gang's hideout.","On 15th August 2024, the police raided a hideout in Surat and arrested four gang members, including Ramesh Sen. Stolen jewelry worth Rs. 250,000 was recovered. The gang had been habitually committing house thefts in the region."
376,Offense of rape defined under Section 375 and punishable under Section 376. Non-consensual sexual act.,"In Nagpur, the accused Harish Iyer entered the victim Maya's residence when she was alone on 18th May 2025 and subjected her to sexual assault. The medical examination confirmed signs of physical struggle and non-consensual intercourse."
498A,Domestic violence and cruelty under Section 498A. Demands for cash and vehicles by husband and in-laws.,A case under Section 498A was registered against Rajesh Kumar in Bengaluru. The victim alleged that she was physically assaulted and mentally harassed by her husband and sister-in-law for not bringing a luxury sedan in dowry.
302,Punishment for murder. The accused stands charged with committing murder and is liable to be punished with death or imprisonment for life.,State vs Umesh Chandra: The accused was indicted under Section 302 for the murder of Divya in Amritsar. Eyewitness testimonies and the recovery of the axe at the instance of the accused established guilt beyond reasonable doubt.
420,Online phishing and transaction fraud. The accused induced the victim to share bank credentials and stole funds.,"The accused Ramesh Sen misrepresented himself as a registered financial broker and collected Rs. 150,000 from the victim Pooja in Ahmedabad. He generated fake investment certificates and siphoned the entire capital."
420,Online phishing and transaction fraud. The accused induced the victim to share bank credentials and stole funds.,"The accused Sunil Dutt forged ownership documents of a commercial land plot in Surat and sold it to Sameer for Rs. 1,200,000. The fraud was discovered when the victim applied for a building permit."
300,Culpable homicide amounting to murder. The accused with intent to cause death attacked the victim with a dangerous weapon.,"The accused Arjun Kapoor suspected his business partner Seema of embezzlement. On 30th December 2024, Arjun Kapoor lured Seema to an abandoned warehouse in Kolkata and strangled him to death. The body was later disposed of in a nearby canal."
498A,Cruelty by husband and relatives. Complainant was locked in a room and denied food for failing to bring dowry.,"On 5th November 2023, the complainant filed an FIR at the women's police station in Amritsar against Sunil Dutt (husband). She stated that she was kicked out of the house at midnight because her family could not pay Rs. 1,000,000 demanded by the in-laws."
376,Punishment for sexual assault and rape. The accused committed sexual intercourse with the victim without consent or against her will.,A case under Section 376 was registered against Manoj Bajpayee in Surat. The victim alleged that she was drugged at a party and sexually assaulted while unconscious. The police recovered CCTV footage verifying the presence of the accused.
376,"Accusation of sexual assault under Section 376 where consent was obtained through coercion, threat, or false promise of marriage.",A case under Section 376 was registered against Umesh Chandra in Lucknow. The victim alleged that she was drugged at a party and sexually assaulted while unconscious. The police recovered CCTV footage verifying the presence of the accused.
401,"Section 401 prosecution for gang theft. Police recovered stolen jewelry, vehicles, and break-in tools from the gang's hideout.",A gang of habitual car thieves was apprehended in Chandigarh. The accused Amit Singh was found to be the mastermind who dismantled stolen cars and sold spare parts. The prosecution pressed charges under Section 401.
498A,Husband or relative of husband of a woman subjecting her to cruelty. Physical and mental harassment for dowry demands.,"The victim Mohan of Vadodara committed suicide after continuous harassment by her husband Aakash Roy and his relatives. The police found diary entries detailing constant taunts and physical abuse, prompting charges under Section 498A."
307,Assault with intent to kill. The victim survived the brutal assault due to timely medical intervention.,"During a political rally in Obour on 15th August 2024, Rohan Das tried to strangulate Sameer with a wire. Bystanders intervened and rescued the victim, who was unconscious. A case under Section 307 was registered against the assailant."
420,Financial fraud and cheating under Section 420. Deception practiced to obtain monetary benefit fraudulently.,"The accused Arjun Kapoor misrepresented himself as a registered financial broker and collected Rs. 2,000,000 from the victim Radha in Hyderabad. He generated fake investment certificates and siphoned the entire capital."
498A,Husband or relative of husband of a woman subjecting her to cruelty. Physical and mental harassment for dowry demands.,"The victim Geeta of Kanpur committed suicide after continuous harassment by her husband Suresh Sharma and his relatives. The police found diary entries detailing constant taunts and physical abuse, prompting charges under Section 498A."
302,Trial for committing murder where the state seeks life imprisonment or capital punishment for the heinous offense.,State vs Anil Mehta: The accused was indicted under Section 302 for the murder of Kiran in Delhi. Eyewitness testimonies and the recovery of the dagger at the instance of the accused established guilt beyond reasonable doubt.
300,Intentionally causing bodily injury leading to the death of the victim. The assailant struck the victim repeatedly on vital organs.,"The accused Ramesh Sen suspected his business partner Sandeep of embezzlement. On 5th November 2023, Ramesh Sen lured Sandeep to an abandoned warehouse in Kanpur and strangled him to death. The body was later disposed of in a nearby canal."
376,"Accusation of sexual assault under Section 376 where consent was obtained through coercion, threat, or false promise of marriage.",The trial court convicted Rohan Das under Section 376 for the gang rape/rape of the survivor in Nagpur. The survivor testified that the accused abducted her on 18th May 2025 and committed the heinous offense in a moving vehicle.
498A,"Harassment, abuse, and mental torture inflicted upon the wife by her in-laws, leading to police complaint.","On 29th September 2024, the complainant filed an FIR at the women's police station in Obour against Sanjay Dutt (husband). She stated that she was kicked out of the house at midnight because her family could not pay Rs. 800,000 demanded by the in-laws."
498A,"Harassment, abuse, and mental torture inflicted upon the wife by her in-laws, leading to police complaint.","The victim Sameer of Obour committed suicide after continuous harassment by her husband Sanjay Dutt and his relatives. The police found diary entries detailing constant taunts and physical abuse, prompting charges under Section 498A."
376,Offense of rape defined under Section 375 and punishable under Section 376. Non-consensual sexual act.,"In Patna, the accused Sunil Dutt entered the victim Komal's residence when she was alone on 12th January 2025 and subjected her to sexual assault. The medical examination confirmed signs of physical struggle and non-consensual intercourse."
401,Punishment for belonging to a gang of thieves. The accused was found associated with a group of persons associated for the purpose of habitually committing theft.,"A patrolling squad in Vadodara intercepted five individuals, including Rajesh Kumar, on 4th July 2024. The suspects were carrying housebreaking tools, iron rods, and masks. Investigation revealed they belonged to a notorious gang of thieves operating under Section 401."
307,Assault with intent to kill. The victim survived the brutal assault due to timely medical intervention.,"During a political rally in Mumbai on 23rd March 2024, Rohan Das tried to strangulate Raj with a wire. Bystanders intervened and rescued the victim, who was unconscious. A case under Section 307 was registered against the assailant."
300,Intentionally causing bodily injury leading to the death of the victim. The assailant struck the victim repeatedly on vital organs.,"On the night of 15th August 2024, the accused Rahul Verma engaged in a heated argument with the victim Mohan over a property boundary in Indore. The accused subsequently went inside, fetched a wooden stick, and inflicted multiple blows on the victim's head, causing instant death."
300,Intentionally causing bodily injury leading to the death of the victim. The assailant struck the victim repeatedly on vital organs.,"A land dispute between Vijay Yadav and Divya in Thane turned violent. Vijay Yadav loaded a iron rod and shot Divya from close range, causing fatal injury to the chest. Forensic reports confirmed that the shot was fired with direct intention to cause death."
401,"Section 401 prosecution for gang theft. Police recovered stolen jewelry, vehicles, and break-in tools from the gang's hideout.",A gang of habitual car thieves was apprehended in Delhi. The accused Vikram Rathore was found to be the mastermind who dismantled stolen cars and sold spare parts. The prosecution pressed charges under Section 401.
307,"Attempt to commit murder. The accused performed an act with such intention and under such circumstances that if death occurred, it would be murder.","During a political rally in Kolkata on 5th November 2023, Rohan Das tried to strangulate Radha with a wire. Bystanders intervened and rescued the victim, who was unconscious. A case under Section 307 was registered against the assailant."
420,Online phishing and transaction fraud. The accused induced the victim to share bank credentials and stole funds.,"The accused Aakash Roy forged ownership documents of a commercial land plot in Surat and sold it to Seema for Rs. 150,000. The fraud was discovered when the victim applied for a building permit."
420,Cheating and dishonestly inducing delivery of property. The accused deceived the complainant and dishonestly induced them to deliver cash or property.,"The accused Rohan Das misrepresented himself as a registered financial broker and collected Rs. 1,000,000 from the victim Seema in Kolkata. He generated fake investment certificates and siphoned the entire capital."
498A,"Harassment, abuse, and mental torture inflicted upon the wife by her in-laws, leading to police complaint.","The complainant Geeta filed a complaint in Delhi alleging that her husband Aakash Roy and mother-in-law subjected her to severe cruelty since their marriage on 18th May 2025. They repeatedly demanded Rs. 150,000 as additional dowry."
302,Criminal prosecution for murder under IPC Section 302. Conviction entails rigorous life imprisonment and monetary fine.,"A charge sheet was filed under Section 302 against Pankaj Tripathi for the premeditated killing of Harish in Kanpur. The accused had used a hammer to inflict ten deep wounds, ensuring the death of the victim."
376,Punishment for sexual assault and rape. The accused committed sexual intercourse with the victim without consent or against her will.,"In Obour, the accused Rajesh Kumar entered the victim Maya's residence when she was alone on 30th December 2024 and subjected her to sexual assault. The medical examination confirmed signs of physical struggle and non-consensual intercourse."
307,"Attempt to murder under Section 307. Accused fired at the victim or stabbed them, causing near-fatal injuries.","During a political rally in Bhopal on 29th September 2024, Ramesh Sen tried to strangulate Gopal with a wire. Bystanders intervened and rescued the victim, who was unconscious. A case under Section 307 was registered against the assailant."
300,Commission of homicide where the bodily injury intended to be inflicted is sufficient in the ordinary course of nature to cause death.,"A land dispute between Anil Mehta and Radha in Delhi turned violent. Anil Mehta loaded a hammer and shot Radha from close range, causing fatal injury to the chest. Forensic reports confirmed that the shot was fired with direct intention to cause death."
307,"Violent attack with a lethal weapon with clear intent to end the victim's life, resulting in hospitalization.","On 15th August 2024, the accused Arjun Kapoor intercepted the victim Sandeep in Thane and stabbed him in the abdomen with a iron rod. The victim survived after undergoing a five-hour emergency surgery. The accused is charged under Section 307."
300,Intentionally causing bodily injury leading to the death of the victim. The assailant struck the victim repeatedly on vital organs.,"On the night of 30th December 2024, the accused Pankaj Tripathi engaged in a heated argument with the victim Vijay over a property boundary in Indore. The accused subsequently went inside, fetched a sickle, and inflicted multiple blows on the victim's head, causing instant death."
401,"Section 401 prosecution for gang theft. Police recovered stolen jewelry, vehicles, and break-in tools from the gang's hideout.","On 12th January 2025, the police raided a hideout in Delhi and arrested four gang members, including Harish Iyer. Stolen jewelry worth Rs. 300,000 was recovered. The gang had been habitually committing house thefts in the region."
307,"Attempt to commit murder. The accused performed an act with such intention and under such circumstances that if death occurred, it would be murder.","The accused Rahul Verma mixed pesticide in the tea served to Raj in Thane. The victim sensed the strange odor and spat it out, but still suffered minor poisoning. Charged with attempt to murder under Section 307."
401,Apprehension of active gang members committing habitual housebreaking and theft.,"A patrolling squad in Mumbai intercepted five individuals, including Amit Singh, on 12th January 2025. The suspects were carrying housebreaking tools, iron rods, and masks. Investigation revealed they belonged to a notorious gang of thieves operating under Section 401."
302,Liability under section 302 for taking the life of a person with malice and pre-planning.,"The Sessions Court of Obour found the accused Vikram Rathore guilty of murder under Section 302. On 15th August 2024, the accused had murdered his neighbor Gopal with a pistol in broad daylight. The court sentenced the convict to life imprisonment."
498A,Husband or relative of husband of a woman subjecting her to cruelty. Physical and mental harassment for dowry demands.,"The complainant Sandeep filed a complaint in Kolkata alleging that her husband Rahul Verma and mother-in-law subjected her to severe cruelty since their marriage on 10th October 2023. They repeatedly demanded Rs. 250,000 as additional dowry."
307,"Violent attack with a lethal weapon with clear intent to end the victim's life, resulting in hospitalization.","During a political rally in Bengaluru on 5th November 2023, Rahul Verma tried to strangulate Kiran with a wire. Bystanders intervened and rescued the victim, who was unconscious. A case under Section 307 was registered against the assailant."
498A,Husband or relative of husband of a woman subjecting her to cruelty. Physical and mental harassment for dowry demands.,A case under Section 498A was registered against Sanjay Dutt in Jaipur. The victim alleged that she was physically assaulted and mentally harassed by her husband and sister-in-law for not bringing a luxury sedan in dowry.
302,Criminal prosecution for murder under IPC Section 302. Conviction entails rigorous life imprisonment and monetary fine.,State vs Manish Paul: The accused was indicted under Section 302 for the murder of Vijay in Bengaluru. Eyewitness testimonies and the recovery of the sharp knife at the instance of the accused established guilt beyond reasonable doubt.
498A,Domestic violence and cruelty under Section 498A. Demands for cash and vehicles by husband and in-laws.,"The complainant Mohan filed a complaint in Mumbai alleging that her husband Aakash Roy and mother-in-law subjected her to severe cruelty since their marriage on 23rd March 2024. They repeatedly demanded Rs. 5,000,000 as additional dowry."
401,"Section 401 prosecution for gang theft. Police recovered stolen jewelry, vehicles, and break-in tools from the gang's hideout.","On 30th December 2024, the police raided a hideout in Bengaluru and arrested four gang members, including Aakash Roy. Stolen jewelry worth Rs. 75,000 was recovered. The gang had been habitually committing house thefts in the region."
376,"Accusation of sexual assault under Section 376 where consent was obtained through coercion, threat, or false promise of marriage.","In Amritsar, the accused Vikram Rathore entered the victim Meena's residence when she was alone on 4th July 2024 and subjected her to sexual assault. The medical examination confirmed signs of physical struggle and non-consensual intercourse."
420,Cheating and dishonestly inducing delivery of property. The accused deceived the complainant and dishonestly induced them to deliver cash or property.,"In Surat, the police arrested Arjun Kapoor for running an online job scam. The accused cheated over fifty youngsters of Rs. 250,000 each, promising them government jobs and issuing fake appointment letters on 5th November 2023."
300,Culpable homicide amounting to murder. The accused with intent to cause death attacked the victim with a dangerous weapon.,"A land dispute between Harish Iyer and Alok in Thane turned violent. Harish Iyer loaded a revolver and shot Alok from close range, causing fatal injury to the chest. Forensic reports confirmed that the shot was fired with direct intention to cause death."
300,Intentionally causing bodily injury leading to the death of the victim. The assailant struck the victim repeatedly on vital organs.,"On the night of 12th January 2025, the accused Karan Johar engaged in a heated argument with the victim Sandeep over a property boundary in Ahmedabad. The accused subsequently went inside, fetched a sickle, and inflicted multiple blows on the victim's head, causing instant death."
300,"The accused with full knowledge that the act is so imminently dangerous that it must in all probability cause death, committed murder.","A land dispute between Anil Mehta and Anita in Patna turned violent. Anil Mehta loaded a pistol and shot Anita from close range, causing fatal injury to the chest. Forensic reports confirmed that the shot was fired with direct intention to cause death."
300,Culpable homicide amounting to murder. The accused with intent to cause death attacked the victim with a dangerous weapon.,"On the night of 30th December 2024, the accused Harish Iyer engaged in a heated argument with the victim Radha over a property boundary in Mumbai. The accused subsequently went inside, fetched a wooden stick, and inflicted multiple blows on the victim's head, causing instant death."
300,Culpable homicide amounting to murder. The accused with intent to cause death attacked the victim with a dangerous weapon.,"In the jurisdiction of Nagpur, the prosecution proved that Manish Paul deliberately poisoned the meal of Kiran with arsenic. The victim consumed the poisoned meal, suffered severe internal hemorrhage, and passed away on 29th September 2024 at the local hospital."
302,Punishment for murder. The accused stands charged with committing murder and is liable to be punished with death or imprisonment for life.,The High Court upheld the life sentence of Deepak Gupta for committing murder under Section 302. The victim Seema was brutally beaten to death in Nagpur over an ancestral family feud on 10th October 2023.
302,Punishment for murder. The accused stands charged with committing murder and is liable to be punished with death or imprisonment for life.,"A charge sheet was filed under Section 302 against Pankaj Tripathi for the premeditated killing of Sandeep in Nagpur. The accused had used a sharp knife to inflict ten deep wounds, ensuring the death of the victim."
420,Online phishing and transaction fraud. The accused induced the victim to share bank credentials and stole funds.,"The accused Ramesh Sen forged ownership documents of a commercial land plot in Thane and sold it to Pooja for Rs. 250,000. The fraud was discovered when the victim applied for a building permit."
307,Assault with intent to kill. The victim survived the brutal assault due to timely medical intervention.,"During a political rally in Jaipur on 23rd March 2024, Karan Johar tried to strangulate Gopal with a wire. Bystanders intervened and rescued the victim, who was unconscious. A case under Section 307 was registered against the assailant."
498A,"Harassment, abuse, and mental torture inflicted upon the wife by her in-laws, leading to police complaint.","On 15th August 2024, the complainant filed an FIR at the women's police station in Hyderabad against Umesh Chandra (husband). She stated that she was kicked out of the house at midnight because her family could not pay Rs. 75,000 demanded by the in-laws."
498A,Domestic violence and cruelty under Section 498A. Demands for cash and vehicles by husband and in-laws.,A case under Section 498A was registered against Suresh Sharma in Kanpur. The victim alleged that she was physically assaulted and mentally harassed by her husband and sister-in-law for not bringing a luxury sedan in dowry.
498A,"Harassment, abuse, and mental torture inflicted upon the wife by her in-laws, leading to police complaint.","The victim Anita of Hyderabad committed suicide after continuous harassment by her husband Rajesh Kumar and his relatives. The police found diary entries detailing constant taunts and physical abuse, prompting charges under Section 498A."
420,Financial fraud and cheating under Section 420. Deception practiced to obtain monetary benefit fraudulently.,"The accused Pankaj Tripathi forged ownership documents of a commercial land plot in Delhi and sold it to Harish for Rs. 50,000. The fraud was discovered when the victim applied for a building permit."
401,Punishment for belonging to a gang of thieves. The accused was found associated with a group of persons associated for the purpose of habitually committing theft.,"On 4th July 2024, the police raided a hideout in Obour and arrested four gang members, including Sunil Dutt. Stolen jewelry worth Rs. 2,000,000 was recovered. The gang had been habitually committing house thefts in the region."
302,Punishment for murder. The accused stands charged with committing murder and is liable to be punished with death or imprisonment for life.,"The Sessions Court of Bhopal found the accused Umesh Chandra guilty of murder under Section 302. On 5th November 2023, the accused had murdered his neighbor Raj with a wooden stick in broad daylight. The court sentenced the convict to life imprisonment."
401,Punishment for belonging to a gang of thieves. The accused was found associated with a group of persons associated for the purpose of habitually committing theft.,"A patrolling squad in Thane intercepted five individuals, including Aakash Roy, on 12th January 2025. The suspects were carrying housebreaking tools, iron rods, and masks. Investigation revealed they belonged to a notorious gang of thieves operating under Section 401."
376,"Accusation of sexual assault under Section 376 where consent was obtained through coercion, threat, or false promise of marriage.","In Thane, the accused Ramesh Sen entered the victim Radha's residence when she was alone on 23rd March 2024 and subjected her to sexual assault. The medical examination confirmed signs of physical struggle and non-consensual intercourse."
376,Prosecution for rape under Section 376. The victim's testimony was corroborated by medical evidence and forensic DNA reports.,The victim filed a First Information Report (FIR) in Amritsar stating that the accused Vijay Yadav committed rape under the false promise of marriage. The accused later refused to marry her and threatened her with dire consequences.
498A,Husband or relative of husband of a woman subjecting her to cruelty. Physical and mental harassment for dowry demands.,"The victim Alok of Delhi committed suicide after continuous harassment by her husband Amit Singh and his relatives. The police found diary entries detailing constant taunts and physical abuse, prompting charges under Section 498A."
307,"Violent attack with a lethal weapon with clear intent to end the victim's life, resulting in hospitalization.","On 30th December 2024, the accused Arjun Kapoor intercepted the victim Pooja in Surat and stabbed him in the abdomen with a wooden stick. The victim survived after undergoing a five-hour emergency surgery. The accused is charged under Section 307."
401,Apprehension of active gang members committing habitual housebreaking and theft.,"The police busted an active criminal gang in Obour that specialized in highway thefts. The accused Sanjay Dutt and his accomplices were arrested, and stolen laptops, mobile phones, and cash were seized. Charged under Section 401."
498A,Domestic violence and cruelty under Section 498A. Demands for cash and vehicles by husband and in-laws.,"The victim Sameer of Nagpur committed suicide after continuous harassment by her husband Arjun Kapoor and his relatives. The police found diary entries detailing constant taunts and physical abuse, prompting charges under Section 498A."
300,"The accused with full knowledge that the act is so imminently dangerous that it must in all probability cause death, committed murder.","A land dispute between Manish Paul and Sandeep in Vadodara turned violent. Manish Paul loaded a hammer and shot Sandeep from close range, causing fatal injury to the chest. Forensic reports confirmed that the shot was fired with direct intention to cause death."
401,"Section 401 prosecution for gang theft. Police recovered stolen jewelry, vehicles, and break-in tools from the gang's hideout.","On 23rd March 2024, the police raided a hideout in Pune and arrested four gang members, including Manoj Bajpayee. Stolen jewelry worth Rs. 2,000,000 was recovered. The gang had been habitually committing house thefts in the region."
300,Commission of homicide where the bodily injury intended to be inflicted is sufficient in the ordinary course of nature to cause death.,"In the jurisdiction of Ahmedabad, the prosecution proved that Vijay Yadav deliberately poisoned the meal of Mohan with arsenic. The victim consumed the poisoned meal, suffered severe internal hemorrhage, and passed away on 23rd March 2024 at the local hospital."
401,Apprehension of active gang members committing habitual housebreaking and theft.,"On 10th October 2023, the police raided a hideout in Mumbai and arrested four gang members, including Karan Johar. Stolen jewelry worth Rs. 75,000 was recovered. The gang had been habitually committing house thefts in the region."
401,Apprehension of active gang members committing habitual housebreaking and theft.,"On 5th November 2023, the police raided a hideout in Mumbai and arrested four gang members, including Arjun Kapoor. Stolen jewelry worth Rs. 75,000 was recovered. The gang had been habitually committing house thefts in the region."
300,Culpable homicide amounting to murder. The accused with intent to cause death attacked the victim with a dangerous weapon.,"In the jurisdiction of Chandigarh, the prosecution proved that Sunil Dutt deliberately poisoned the meal of Komal with arsenic. The victim consumed the poisoned meal, suffered severe internal hemorrhage, and passed away on 29th September 2024 at the local hospital."
376,"Accusation of sexual assault under Section 376 where consent was obtained through coercion, threat, or false promise of marriage.",The trial court convicted Vijay Yadav under Section 376 for the gang rape/rape of the survivor in Lucknow. The survivor testified that the accused abducted her on 18th May 2025 and committed the heinous offense in a moving vehicle.
302,Trial for committing murder where the state seeks life imprisonment or capital punishment for the heinous offense.,The High Court upheld the life sentence of Vijay Yadav for committing murder under Section 302. The victim Gopal was brutally beaten to death in Bhopal over an ancestral family feud on 4th July 2024.
302,Liability under section 302 for taking the life of a person with malice and pre-planning.,The High Court upheld the life sentence of Vikram Rathore for committing murder under Section 302. The victim Radha was brutally beaten to death in Ahmedabad over an ancestral family feud on 23rd March 2024.
300,"The accused with full knowledge that the act is so imminently dangerous that it must in all probability cause death, committed murder.","In the jurisdiction of Ahmedabad, the prosecution proved that Manish Paul deliberately poisoned the meal of Sameer with arsenic. The victim consumed the poisoned meal, suffered severe internal hemorrhage, and passed away on 30th December 2024 at the local hospital."
401,Punishment for belonging to a gang of thieves. The accused was found associated with a group of persons associated for the purpose of habitually committing theft.,A gang of habitual car thieves was apprehended in Thane. The accused Arjun Kapoor was found to be the mastermind who dismantled stolen cars and sold spare parts. The prosecution pressed charges under Section 401.
420,Corporate scam and misrepresentation. The suspect cheated investors of millions by showing forged balance sheets.,"The complainant alleged that the accused Rajesh Kumar running a bogus real estate firm in Bengaluru promised to deliver a 2BHK flat. The complainant paid Rs. 2,000,000 on 29th September 2024, after which the accused locked the office and fled."
302,Punishment for murder. The accused stands charged with committing murder and is liable to be punished with death or imprisonment for life.,The High Court upheld the life sentence of Vijay Yadav for committing murder under Section 302. The victim Sandeep was brutally beaten to death in Chandigarh over an ancestral family feud on 4th July 2024.
307,"Attempt to commit murder. The accused performed an act with such intention and under such circumstances that if death occurred, it would be murder.","The accused Amit Singh mixed pesticide in the tea served to Geeta in Obour. The victim sensed the strange odor and spat it out, but still suffered minor poisoning. Charged with attempt to murder under Section 307."
376,Offense of rape defined under Section 375 and punishable under Section 376. Non-consensual sexual act.,The trial court convicted Arjun Kapoor under Section 376 for the gang rape/rape of the survivor in Delhi. The survivor testified that the accused abducted her on 5th November 2023 and committed the heinous offense in a moving vehicle.
420,Financial fraud and cheating under Section 420. Deception practiced to obtain monetary benefit fraudulently.,"In Surat, the police arrested Anil Mehta for running an online job scam. The accused cheated over fifty youngsters of Rs. 2,000,000 each, promising them government jobs and issuing fake appointment letters on 23rd March 2024."
420,Online phishing and transaction fraud. The accused induced the victim to share bank credentials and stole funds.,"The accused Aakash Roy forged ownership documents of a commercial land plot in Delhi and sold it to Komal for Rs. 300,000. The fraud was discovered when the victim applied for a building permit."
302,Trial for committing murder where the state seeks life imprisonment or capital punishment for the heinous offense.,The High Court upheld the life sentence of Ramesh Sen for committing murder under Section 302. The victim Pooja was brutally beaten to death in Lucknow over an ancestral family feud on 29th September 2024.
307,"Violent attack with a lethal weapon with clear intent to end the victim's life, resulting in hospitalization.","On 15th August 2024, the accused Anil Mehta intercepted the victim Divya in Thane and stabbed him in the abdomen with a axe. The victim survived after undergoing a five-hour emergency surgery. The accused is charged under Section 307."
498A,"Harassment, abuse, and mental torture inflicted upon the wife by her in-laws, leading to police complaint.","On 18th May 2025, the complainant filed an FIR at the women's police station in Bengaluru against Karan Johar (husband). She stated that she was kicked out of the house at midnight because her family could not pay Rs. 250,000 demanded by the in-laws."
376,Prosecution for rape under Section 376. The victim's testimony was corroborated by medical evidence and forensic DNA reports.,The victim filed a First Information Report (FIR) in Mumbai stating that the accused Pankaj Tripathi committed rape under the false promise of marriage. The accused later refused to marry her and threatened her with dire consequences.
376,Offense of rape defined under Section 375 and punishable under Section 376. Non-consensual sexual act.,The trial court convicted Pankaj Tripathi under Section 376 for the gang rape/rape of the survivor in Ahmedabad. The survivor testified that the accused abducted her on 18th May 2025 and committed the heinous offense in a moving vehicle.
420,Online phishing and transaction fraud. The accused induced the victim to share bank credentials and stole funds.,"The complainant alleged that the accused Vijay Yadav running a bogus real estate firm in Kanpur promised to deliver a 2BHK flat. The complainant paid Rs. 800,000 on 4th July 2024, after which the accused locked the office and fled."
302,Punishment for murder. The accused stands charged with committing murder and is liable to be punished with death or imprisonment for life.,"The Sessions Court of Kanpur found the accused Karan Johar guilty of murder under Section 302. On 18th May 2025, the accused had murdered his neighbor Sameer with a pistol in broad daylight. The court sentenced the convict to life imprisonment."
376,Offense of rape defined under Section 375 and punishable under Section 376. Non-consensual sexual act.,The trial court convicted Deepak Gupta under Section 376 for the gang rape/rape of the survivor in Jaipur. The survivor testified that the accused abducted her on 23rd March 2024 and committed the heinous offense in a moving vehicle.
420,Corporate scam and misrepresentation. The suspect cheated investors of millions by showing forged balance sheets.,"The accused Pankaj Tripathi misrepresented himself as a registered financial broker and collected Rs. 1,000,000 from the victim Anita in Kanpur. He generated fake investment certificates and siphoned the entire capital."
420,Cheating and dishonestly inducing delivery of property. The accused deceived the complainant and dishonestly induced them to deliver cash or property.,"In Bengaluru, the police arrested Vikram Rathore for running an online job scam. The accused cheated over fifty youngsters of Rs. 300,000 each, promising them government jobs and issuing fake appointment letters on 4th July 2024."
401,Apprehension of active gang members committing habitual housebreaking and theft.,A gang of habitual car thieves was apprehended in Bhopal. The accused Vikram Rathore was found to be the mastermind who dismantled stolen cars and sold spare parts. The prosecution pressed charges under Section 401.
300,"The accused with full knowledge that the act is so imminently dangerous that it must in all probability cause death, committed murder.","A land dispute between Sunil Dutt and Mohan in Pune turned violent. Sunil Dutt loaded a hammer and shot Mohan from close range, causing fatal injury to the chest. Forensic reports confirmed that the shot was fired with direct intention to cause death."
420,Financial fraud and cheating under Section 420. Deception practiced to obtain monetary benefit fraudulently.,"In Bhopal, the police arrested Sanjay Dutt for running an online job scam. The accused cheated over fifty youngsters of Rs. 1,000,000 each, promising them government jobs and issuing fake appointment letters on 30th December 2024."
420,Corporate scam and misrepresentation. The suspect cheated investors of millions by showing forged balance sheets.,"The accused Rajesh Kumar forged ownership documents of a commercial land plot in Lucknow and sold it to Geeta for Rs. 300,000. The fraud was discovered when the victim applied for a building permit."
376,Prosecution for rape under Section 376. The victim's testimony was corroborated by medical evidence and forensic DNA reports.,"In Vadodara, the accused Rahul Verma entered the victim Raj's residence when she was alone on 5th November 2023 and subjected her to sexual assault. The medical examination confirmed signs of physical struggle and non-consensual intercourse."
498A,Husband or relative of husband of a woman subjecting her to cruelty. Physical and mental harassment for dowry demands.,"On 4th July 2024, the complainant filed an FIR at the women's police station in Bengaluru against Manish Paul (husband). She stated that she was kicked out of the house at midnight because her family could not pay Rs. 50,000 demanded by the in-laws."
307,"Attempt to murder under Section 307. Accused fired at the victim or stabbed them, causing near-fatal injuries.","During a political rally in Patna on 18th May 2025, Karan Johar tried to strangulate Divya with a wire. Bystanders intervened and rescued the victim, who was unconscious. A case under Section 307 was registered against the assailant."
300,Culpable homicide amounting to murder. The accused with intent to cause death attacked the victim with a dangerous weapon.,"In the jurisdiction of Lucknow, the prosecution proved that Karan Johar deliberately poisoned the meal of Geeta with arsenic. The victim consumed the poisoned meal, suffered severe internal hemorrhage, and passed away on 5th November 2023 at the local hospital."
302,Punishment for murder. The accused stands charged with committing murder and is liable to be punished with death or imprisonment for life.,"A charge sheet was filed under Section 302 against Rahul Verma for the premeditated killing of Mohan in Kanpur. The accused had used a sharp knife to inflict ten deep wounds, ensuring the death of the victim."
302,Punishment for murder. The accused stands charged with committing murder and is liable to be punished with death or imprisonment for life.,"The Sessions Court of Kanpur found the accused Sunil Dutt guilty of murder under Section 302. On 18th May 2025, the accused had murdered his neighbor Kiran with a sharp knife in broad daylight. The court sentenced the convict to life imprisonment."
300,Culpable homicide amounting to murder. The accused with intent to cause death attacked the victim with a dangerous weapon.,"A land dispute between Rajesh Kumar and Seema in Amritsar turned violent. Rajesh Kumar loaded a iron rod and shot Seema from close range, causing fatal injury to the chest. Forensic reports confirmed that the shot was fired with direct intention to cause death."
302,Criminal prosecution for murder under IPC Section 302. Conviction entails rigorous life imprisonment and monetary fine.,"The Sessions Court of Chandigarh found the accused Suresh Sharma guilty of murder under Section 302. On 29th September 2024, the accused had murdered his neighbor Geeta with a pistol in broad daylight. The court sentenced the convict to life imprisonment."
302,Liability under section 302 for taking the life of a person with malice and pre-planning.,"The Sessions Court of Vadodara found the accused Rahul Verma guilty of murder under Section 302. On 5th November 2023, the accused had murdered his neighbor Kiran with a sharp knife in broad daylight. The court sentenced the convict to life imprisonment."
307,Assault with intent to kill. The victim survived the brutal assault due to timely medical intervention.,"On 15th August 2024, the accused Rahul Verma intercepted the victim Raj in Kanpur and stabbed him in the abdomen with a hammer. The victim survived after undergoing a five-hour emergency surgery. The accused is charged under Section 307."
376,Punishment for sexual assault and rape. The accused committed sexual intercourse with the victim without consent or against her will.,"In Pune, the accused Arjun Kapoor entered the victim Maya's residence when she was alone on 5th November 2023 and subjected her to sexual assault. The medical examination confirmed signs of physical struggle and non-consensual intercourse."
376,Punishment for sexual assault and rape. The accused committed sexual intercourse with the victim without consent or against her will.,A case under Section 376 was registered against Rahul Verma in Vadodara. The victim alleged that she was drugged at a party and sexually assaulted while unconscious. The police recovered CCTV footage verifying the presence of the accused.
498A,Cruelty by husband and relatives. Complainant was locked in a room and denied food for failing to bring dowry.,"The victim Gopal of Patna committed suicide after continuous harassment by her husband Harish Iyer and his relatives. The police found diary entries detailing constant taunts and physical abuse, prompting charges under Section 498A."
376,Prosecution for rape under Section 376. The victim's testimony was corroborated by medical evidence and forensic DNA reports.,The trial court convicted Manoj Bajpayee under Section 376 for the gang rape/rape of the survivor in Hyderabad. The survivor testified that the accused abducted her on 10th October 2023 and committed the heinous offense in a moving vehicle.
307,"Violent attack with a lethal weapon with clear intent to end the victim's life, resulting in hospitalization.",The accused Suresh Sharma fired two rounds from a dagger at Sandeep in Ahmedabad due to commercial rivalry. One bullet grazed the victim's shoulder. The police registered a case of attempt to murder under Section 307.
401,Punishment for belonging to a gang of thieves. The accused was found associated with a group of persons associated for the purpose of habitually committing theft.,"On 10th October 2023, the police raided a hideout in Obour and arrested four gang members, including Manish Paul. Stolen jewelry worth Rs. 5,000,000 was recovered. The gang had been habitually committing house thefts in the region."
376,Punishment for sexual assault and rape. The accused committed sexual intercourse with the victim without consent or against her will.,"In Patna, the accused Suresh Sharma entered the victim Pooja's residence when she was alone on 10th October 2023 and subjected her to sexual assault. The medical examination confirmed signs of physical struggle and non-consensual intercourse."
300,Intentionally causing bodily injury leading to the death of the victim. The assailant struck the victim repeatedly on vital organs.,"The accused Aakash Roy suspected his business partner Sameer of embezzlement. On 4th July 2024, Aakash Roy lured Sameer to an abandoned warehouse in Indore and strangled him to death. The body was later disposed of in a nearby canal."
401,Conspiracy to commit theft by a professional gang. Accused were caught patrolling residential areas with intention to steal.,"On 23rd March 2024, the police raided a hideout in Thane and arrested four gang members, including Sunil Dutt. Stolen jewelry worth Rs. 1,000,000 was recovered. The gang had been habitually committing house thefts in the region."
307,"Violent attack with a lethal weapon with clear intent to end the victim's life, resulting in hospitalization.","The accused Deepak Gupta mixed pesticide in the tea served to Geeta in Obour. The victim sensed the strange odor and spat it out, but still suffered minor poisoning. Charged with attempt to murder under Section 307."
376,Punishment for sexual assault and rape. The accused committed sexual intercourse with the victim without consent or against her will.,"In Bengaluru, the accused Ramesh Sen entered the victim Meena's residence when she was alone on 23rd March 2024 and subjected her to sexual assault. The medical examination confirmed signs of physical struggle and non-consensual intercourse."
498A,Husband or relative of husband of a woman subjecting her to cruelty. Physical and mental harassment for dowry demands.,"On 30th December 2024, the complainant filed an FIR at the women's police station in Kanpur against Manish Paul (husband). She stated that she was kicked out of the house at midnight because her family could not pay Rs. 2,000,000 demanded by the in-laws."
307,"Attempt to murder under Section 307. Accused fired at the victim or stabbed them, causing near-fatal injuries.","On 29th September 2024, the accused Amit Singh intercepted the victim Anita in Indore and stabbed him in the abdomen with a iron rod. The victim survived after undergoing a five-hour emergency surgery. The accused is charged under Section 307."
498A,"Harassment, abuse, and mental torture inflicted upon the wife by her in-laws, leading to police complaint.","On 18th May 2025, the complainant filed an FIR at the women's police station in Ahmedabad against Manish Paul (husband). She stated that she was kicked out of the house at midnight because her family could not pay Rs. 800,000 demanded by the in-laws."
401,Apprehension of active gang members committing habitual housebreaking and theft.,"On 23rd March 2024, the police raided a hideout in Indore and arrested four gang members, including Umesh Chandra. Stolen jewelry worth Rs. 2,000,000 was recovered. The gang had been habitually committing house thefts in the region."
420,Online phishing and transaction fraud. The accused induced the victim to share bank credentials and stole funds.,"The accused Aakash Roy misrepresented himself as a registered financial broker and collected Rs. 50,000 from the victim Vivek in Vadodara. He generated fake investment certificates and siphoned the entire capital."
307,"Violent attack with a lethal weapon with clear intent to end the victim's life, resulting in hospitalization.","The accused Manoj Bajpayee mixed pesticide in the tea served to Pooja in Patna. The victim sensed the strange odor and spat it out, but still suffered minor poisoning. Charged with attempt to murder under Section 307."
420,Cheating and dishonestly inducing delivery of property. The accused deceived the complainant and dishonestly induced them to deliver cash or property.,"The accused Arjun Kapoor forged ownership documents of a commercial land plot in Patna and sold it to Pooja for Rs. 150,000. The fraud was discovered when the victim applied for a building permit."
376,Prosecution for rape under Section 376. The victim's testimony was corroborated by medical evidence and forensic DNA reports.,A case under Section 376 was registered against Umesh Chandra in Hyderabad. The victim alleged that she was drugged at a party and sexually assaulted while unconscious. The police recovered CCTV footage verifying the presence of the accused.
401,"Section 401 prosecution for gang theft. Police recovered stolen jewelry, vehicles, and break-in tools from the gang's hideout.","A patrolling squad in Patna intercepted five individuals, including Suresh Sharma, on 12th January 2025. The suspects were carrying housebreaking tools, iron rods, and masks. Investigation revealed they belonged to a notorious gang of thieves operating under Section 401."
420,Corporate scam and misrepresentation. The suspect cheated investors of millions by showing forged balance sheets.,"The complainant alleged that the accused Manish Paul running a bogus real estate firm in Nagpur promised to deliver a 2BHK flat. The complainant paid Rs. 75,000 on 12th January 2025, after which the accused locked the office and fled."
401,Conspiracy to commit theft by a professional gang. Accused were caught patrolling residential areas with intention to steal.,"A patrolling squad in Patna intercepted five individuals, including Sanjay Dutt, on 23rd March 2024. The suspects were carrying housebreaking tools, iron rods, and masks. Investigation revealed they belonged to a notorious gang of thieves operating under Section 401."
498A,"Harassment, abuse, and mental torture inflicted upon the wife by her in-laws, leading to police complaint.","The complainant Komal filed a complaint in Vadodara alleging that her husband Anil Mehta and mother-in-law subjected her to severe cruelty since their marriage on 15th August 2024. They repeatedly demanded Rs. 300,000 as additional dowry."
420,Corporate scam and misrepresentation. The suspect cheated investors of millions by showing forged balance sheets.,"In Kolkata, the police arrested Umesh Chandra for running an online job scam. The accused cheated over fifty youngsters of Rs. 800,000 each, promising them government jobs and issuing fake appointment letters on 5th November 2023."
307,"Attempt to murder under Section 307. Accused fired at the victim or stabbed them, causing near-fatal injuries.","On 23rd March 2024, the accused Vijay Yadav intercepted the victim Kiran in Hyderabad and stabbed him in the abdomen with a axe. The victim survived after undergoing a five-hour emergency surgery. The accused is charged under Section 307."
401,Punishment for belonging to a gang of thieves. The accused was found associated with a group of persons associated for the purpose of habitually committing theft.,A gang of habitual car thieves was apprehended in Kanpur. The accused Rohan Das was found to be the mastermind who dismantled stolen cars and sold spare parts. The prosecution pressed charges under Section 401.
307,"Attempt to commit murder. The accused performed an act with such intention and under such circumstances that if death occurred, it would be murder.","During a political rally in Surat on 5th November 2023, Sunil Dutt tried to strangulate Abhishek with a wire. Bystanders intervened and rescued the victim, who was unconscious. A case under Section 307 was registered against the assailant."
376,"Accusation of sexual assault under Section 376 where consent was obtained through coercion, threat, or false promise of marriage.",A case under Section 376 was registered against Manoj Bajpayee in Surat. The victim alleged that she was drugged at a party and sexually assaulted while unconscious. The police recovered CCTV footage verifying the presence of the accused.
401,Apprehension of active gang members committing habitual housebreaking and theft.,"On 10th October 2023, the police raided a hideout in Surat and arrested four gang members, including Anil Mehta. Stolen jewelry worth Rs. 1,200,000 was recovered. The gang had been habitually committing house thefts in the region."
420,Cheating and dishonestly inducing delivery of property. The accused deceived the complainant and dishonestly induced them to deliver cash or property.,"The accused Arjun Kapoor forged ownership documents of a commercial land plot in Hyderabad and sold it to Divya for Rs. 5,000,000. The fraud was discovered when the victim applied for a building permit."
498A,"Harassment, abuse, and mental torture inflicted upon the wife by her in-laws, leading to police complaint.","On 18th May 2025, the complainant filed an FIR at the women's police station in Nagpur against Sanjay Dutt (husband). She stated that she was kicked out of the house at midnight because her family could not pay Rs. 75,000 demanded by the in-laws."
401,Apprehension of active gang members committing habitual housebreaking and theft.,A gang of habitual car thieves was apprehended in Hyderabad. The accused Manoj Bajpayee was found to be the mastermind who dismantled stolen cars and sold spare parts. The prosecution pressed charges under Section 401.
302,Punishment for murder. The accused stands charged with committing murder and is liable to be punished with death or imprisonment for life.,State vs Vijay Yadav: The accused was indicted under Section 302 for the murder of Divya in Surat. Eyewitness testimonies and the recovery of the sickle at the instance of the accused established guilt beyond reasonable doubt.
401,Punishment for belonging to a gang of thieves. The accused was found associated with a group of persons associated for the purpose of habitually committing theft.,"The police busted an active criminal gang in Mumbai that specialized in highway thefts. The accused Vikram Rathore and his accomplices were arrested, and stolen laptops, mobile phones, and cash were seized. Charged under Section 401."
401,Apprehension of active gang members committing habitual housebreaking and theft.,"A patrolling squad in Kolkata intercepted five individuals, including Aakash Roy, on 18th May 2025. The suspects were carrying housebreaking tools, iron rods, and masks. Investigation revealed they belonged to a notorious gang of thieves operating under Section 401."
498A,Husband or relative of husband of a woman subjecting her to cruelty. Physical and mental harassment for dowry demands.,"On 23rd March 2024, the complainant filed an FIR at the women's police station in Bengaluru against Arjun Kapoor (husband). She stated that she was kicked out of the house at midnight because her family could not pay Rs. 250,000 demanded by the in-laws."
420,Cheating and dishonestly inducing delivery of property. The accused deceived the complainant and dishonestly induced them to deliver cash or property.,"In Amritsar, the police arrested Aakash Roy for running an online job scam. The accused cheated over fifty youngsters of Rs. 1,000,000 each, promising them government jobs and issuing fake appointment letters on 29th September 2024."
307,"Violent attack with a lethal weapon with clear intent to end the victim's life, resulting in hospitalization.",The accused Umesh Chandra fired two rounds from a wooden stick at Raj in Obour due to commercial rivalry. One bullet grazed the victim's shoulder. The police registered a case of attempt to murder under Section 307.
307,"Violent attack with a lethal weapon with clear intent to end the victim's life, resulting in hospitalization.","The accused Rohan Das mixed pesticide in the tea served to Kiran in Kanpur. The victim sensed the strange odor and spat it out, but still suffered minor poisoning. Charged with attempt to murder under Section 307."
401,Punishment for belonging to a gang of thieves. The accused was found associated with a group of persons associated for the purpose of habitually committing theft.,A gang of habitual car thieves was apprehended in Hyderabad. The accused Harish Iyer was found to be the mastermind who dismantled stolen cars and sold spare parts. The prosecution pressed charges under Section 401.
307,"Violent attack with a lethal weapon with clear intent to end the victim's life, resulting in hospitalization.","During a political rally in Delhi on 18th May 2025, Vijay Yadav tried to strangulate Harish with a wire. Bystanders intervened and rescued the victim, who was unconscious. A case under Section 307 was registered against the assailant."
420,Online phishing and transaction fraud. The accused induced the victim to share bank credentials and stole funds.,"In Hyderabad, the police arrested Arjun Kapoor for running an online job scam. The accused cheated over fifty youngsters of Rs. 2,000,000 each, promising them government jobs and issuing fake appointment letters on 10th October 2023."
300,Commission of homicide where the bodily injury intended to be inflicted is sufficient in the ordinary course of nature to cause death.,"A land dispute between Vijay Yadav and Mohan in Lucknow turned violent. Vijay Yadav loaded a revolver and shot Mohan from close range, causing fatal injury to the chest. Forensic reports confirmed that the shot was fired with direct intention to cause death."
376,Prosecution for rape under Section 376. The victim's testimony was corroborated by medical evidence and forensic DNA reports.,The trial court convicted Amit Singh under Section 376 for the gang rape/rape of the survivor in Kanpur. The survivor testified that the accused abducted her on 10th October 2023 and committed the heinous offense in a moving vehicle.
498A,Cruelty by husband and relatives. Complainant was locked in a room and denied food for failing to bring dowry.,"On 29th September 2024, the complainant filed an FIR at the women's police station in Vadodara against Rahul Verma (husband). She stated that she was kicked out of the house at midnight because her family could not pay Rs. 1,000,000 demanded by the in-laws."
376,Prosecution for rape under Section 376. The victim's testimony was corroborated by medical evidence and forensic DNA reports.,The trial court convicted Rajesh Kumar under Section 376 for the gang rape/rape of the survivor in Thane. The survivor testified that the accused abducted her on 12th January 2025 and committed the heinous offense in a moving vehicle.
376,Offense of rape defined under Section 375 and punishable under Section 376. Non-consensual sexual act.,A case under Section 376 was registered against Sanjay Dutt in Obour. The victim alleged that she was drugged at a party and sexually assaulted while unconscious. The police recovered CCTV footage verifying the presence of the accused.
420,Financial fraud and cheating under Section 420. Deception practiced to obtain monetary benefit fraudulently.,"The accused Sanjay Dutt misrepresented himself as a registered financial broker and collected Rs. 75,000 from the victim Divya in Bengaluru. He generated fake investment certificates and siphoned the entire capital."
401,"Section 401 prosecution for gang theft. Police recovered stolen jewelry, vehicles, and break-in tools from the gang's hideout.",A gang of habitual car thieves was apprehended in Bhopal. The accused Anil Mehta was found to be the mastermind who dismantled stolen cars and sold spare parts. The prosecution pressed charges under Section 401.
376,Offense of rape defined under Section 375 and punishable under Section 376. Non-consensual sexual act.,The victim filed a First Information Report (FIR) in Kolkata stating that the accused Rajesh Kumar committed rape under the false promise of marriage. The accused later refused to marry her and threatened her with dire consequences.
307,Assault with intent to kill. The victim survived the brutal assault due to timely medical intervention.,"On 15th August 2024, the accused Ramesh Sen intercepted the victim Meena in Amritsar and stabbed him in the abdomen with a axe. The victim survived after undergoing a five-hour emergency surgery. The accused is charged under Section 307."
300,"The accused with full knowledge that the act is so imminently dangerous that it must in all probability cause death, committed murder.","In the jurisdiction of Vadodara, the prosecution proved that Pankaj Tripathi deliberately poisoned the meal of Seema with arsenic. The victim consumed the poisoned meal, suffered severe internal hemorrhage, and passed away on 4th July 2024 at the local hospital."
498A,"Harassment, abuse, and mental torture inflicted upon the wife by her in-laws, leading to police complaint.","The complainant Raj filed a complaint in Jaipur alleging that her husband Deepak Gupta and mother-in-law subjected her to severe cruelty since their marriage on 4th July 2024. They repeatedly demanded Rs. 75,000 as additional dowry."
376,Offense of rape defined under Section 375 and punishable under Section 376. Non-consensual sexual act.,The trial court convicted Anil Mehta under Section 376 for the gang rape/rape of the survivor in Lucknow. The survivor testified that the accused abducted her on 10th October 2023 and committed the heinous offense in a moving vehicle.
302,Trial for committing murder where the state seeks life imprisonment or capital punishment for the heinous offense.,State vs Rajesh Kumar: The accused was indicted under Section 302 for the murder of Abhishek in Hyderabad. Eyewitness testimonies and the recovery of the pistol at the instance of the accused established guilt beyond reasonable doubt.
302,Criminal prosecution for murder under IPC Section 302. Conviction entails rigorous life imprisonment and monetary fine.,"A charge sheet was filed under Section 302 against Suresh Sharma for the premeditated killing of Harish in Bengaluru. The accused had used a sickle to inflict ten deep wounds, ensuring the death of the victim."
401,Apprehension of active gang members committing habitual housebreaking and theft.,"On 30th December 2024, the police raided a hideout in Kolkata and arrested four gang members, including Umesh Chandra. Stolen jewelry worth Rs. 1,000,000 was recovered. The gang had been habitually committing house thefts in the region."
300,Culpable homicide amounting to murder. The accused with intent to cause death attacked the victim with a dangerous weapon.,"A land dispute between Deepak Gupta and Sandeep in Amritsar turned violent. Deepak Gupta loaded a dagger and shot Sandeep from close range, causing fatal injury to the chest. Forensic reports confirmed that the shot was fired with direct intention to cause death."
300,"The accused with full knowledge that the act is so imminently dangerous that it must in all probability cause death, committed murder.","The accused Vijay Yadav suspected his business partner Maya of embezzlement. On 12th January 2025, Vijay Yadav lured Maya to an abandoned warehouse in Bengaluru and strangled him to death. The body was later disposed of in a nearby canal."
420,Financial fraud and cheating under Section 420. Deception practiced to obtain monetary benefit fraudulently.,"In Patna, the police arrested Vikram Rathore for running an online job scam. The accused cheated over fifty youngsters of Rs. 2,000,000 each, promising them government jobs and issuing fake appointment letters on 15th August 2024."
300,"The accused with full knowledge that the act is so imminently dangerous that it must in all probability cause death, committed murder.","The accused Karan Johar suspected his business partner Sameer of embezzlement. On 15th August 2024, Karan Johar lured Sameer to an abandoned warehouse in Patna and strangled him to death. The body was later disposed of in a nearby canal."
376,Prosecution for rape under Section 376. The victim's testimony was corroborated by medical evidence and forensic DNA reports.,A case under Section 376 was registered against Umesh Chandra in Amritsar. The victim alleged that she was drugged at a party and sexually assaulted while unconscious. The police recovered CCTV footage verifying the presence of the accused.
307,"Violent attack with a lethal weapon with clear intent to end the victim's life, resulting in hospitalization.",The accused Sanjay Dutt fired two rounds from a wooden stick at Sandeep in Surat due to commercial rivalry. One bullet grazed the victim's shoulder. The police registered a case of attempt to murder under Section 307.
302,Liability under section 302 for taking the life of a person with malice and pre-planning.,"The Sessions Court of Kanpur found the accused Deepak Gupta guilty of murder under Section 302. On 15th August 2024, the accused had murdered his neighbor Radha with a sharp knife in broad daylight. The court sentenced the convict to life imprisonment."
401,Conspiracy to commit theft by a professional gang. Accused were caught patrolling residential areas with intention to steal.,"On 30th December 2024, the police raided a hideout in Thane and arrested four gang members, including Rahul Verma. Stolen jewelry worth Rs. 300,000 was recovered. The gang had been habitually committing house thefts in the region."
376,"Accusation of sexual assault under Section 376 where consent was obtained through coercion, threat, or false promise of marriage.",The trial court convicted Rahul Verma under Section 376 for the gang rape/rape of the survivor in Bhopal. The survivor testified that the accused abducted her on 5th November 2023 and committed the heinous offense in a moving vehicle.
498A,Cruelty by husband and relatives. Complainant was locked in a room and denied food for failing to bring dowry.,A case under Section 498A was registered against Vikram Rathore in Chandigarh. The victim alleged that she was physically assaulted and mentally harassed by her husband and sister-in-law for not bringing a luxury sedan in dowry.
420,Cheating and dishonestly inducing delivery of property. The accused deceived the complainant and dishonestly induced them to deliver cash or property.,"The accused Umesh Chandra forged ownership documents of a commercial land plot in Kanpur and sold it to Mohan for Rs. 1,000,000. The fraud was discovered when the victim applied for a building permit."
300,"The accused with full knowledge that the act is so imminently dangerous that it must in all probability cause death, committed murder.","On the night of 12th January 2025, the accused Ramesh Sen engaged in a heated argument with the victim Pooja over a property boundary in Patna. The accused subsequently went inside, fetched a iron rod, and inflicted multiple blows on the victim's head, causing instant death."
300,Commission of homicide where the bodily injury intended to be inflicted is sufficient in the ordinary course of nature to cause death.,"The accused Manish Paul suspected his business partner Sameer of embezzlement. On 4th July 2024, Manish Paul lured Sameer to an abandoned warehouse in Patna and strangled him to death. The body was later disposed of in a nearby canal."
307,Assault with intent to kill. The victim survived the brutal assault due to timely medical intervention.,The accused Amit Singh fired two rounds from a dagger at Abhishek in Delhi due to commercial rivalry. One bullet grazed the victim's shoulder. The police registered a case of attempt to murder under Section 307.
420,Online phishing and transaction fraud. The accused induced the victim to share bank credentials and stole funds.,"The complainant alleged that the accused Ramesh Sen running a bogus real estate firm in Hyderabad promised to deliver a 2BHK flat. The complainant paid Rs. 150,000 on 23rd March 2024, after which the accused locked the office and fled."
300,Intentionally causing bodily injury leading to the death of the victim. The assailant struck the victim repeatedly on vital organs.,"In the jurisdiction of Bengaluru, the prosecution proved that Ramesh Sen deliberately poisoned the meal of Maya with arsenic. The victim consumed the poisoned meal, suffered severe internal hemorrhage, and passed away on 18th May 2025 at the local hospital."
376,"Accusation of sexual assault under Section 376 where consent was obtained through coercion, threat, or false promise of marriage.",A case under Section 376 was registered against Manoj Bajpayee in Obour. The victim alleged that she was drugged at a party and sexually assaulted while unconscious. The police recovered CCTV footage verifying the presence of the accused.
302,Trial for committing murder where the state seeks life imprisonment or capital punishment for the heinous offense.,"A charge sheet was filed under Section 302 against Ramesh Sen for the premeditated killing of Sandeep in Chandigarh. The accused had used a pistol to inflict ten deep wounds, ensuring the death of the victim."
300,Commission of homicide where the bodily injury intended to be inflicted is sufficient in the ordinary course of nature to cause death.,"A land dispute between Manoj Bajpayee and Radha in Nagpur turned violent. Manoj Bajpayee loaded a axe and shot Radha from close range, causing fatal injury to the chest. Forensic reports confirmed that the shot was fired with direct intention to cause death."
420,Corporate scam and misrepresentation. The suspect cheated investors of millions by showing forged balance sheets.,"The accused Deepak Gupta misrepresented himself as a registered financial broker and collected Rs. 800,000 from the victim Geeta in Vadodara. He generated fake investment certificates and siphoned the entire capital."
307,"Violent attack with a lethal weapon with clear intent to end the victim's life, resulting in hospitalization.","The accused Suresh Sharma mixed pesticide in the tea served to Sandeep in Bengaluru. The victim sensed the strange odor and spat it out, but still suffered minor poisoning. Charged with attempt to murder under Section 307."
498A,Domestic violence and cruelty under Section 498A. Demands for cash and vehicles by husband and in-laws.,"On 12th January 2025, the complainant filed an FIR at the women's police station in Surat against Vijay Yadav (husband). She stated that she was kicked out of the house at midnight because her family could not pay Rs. 1,000,000 demanded by the in-laws."
420,Cheating and dishonestly inducing delivery of property. The accused deceived the complainant and dishonestly induced them to deliver cash or property.,"The accused Umesh Chandra misrepresented himself as a registered financial broker and collected Rs. 75,000 from the victim Seema in Chandigarh. He generated fake investment certificates and siphoned the entire capital."
307,"Attempt to commit murder. The accused performed an act with such intention and under such circumstances that if death occurred, it would be murder.","On 12th January 2025, the accused Rahul Verma intercepted the victim Divya in Ahmedabad and stabbed him in the abdomen with a wooden stick. The victim survived after undergoing a five-hour emergency surgery. The accused is charged under Section 307."
300,Commission of homicide where the bodily injury intended to be inflicted is sufficient in the ordinary course of nature to cause death.,"A land dispute between Sanjay Dutt and Kiran in Thane turned violent. Sanjay Dutt loaded a sickle and shot Kiran from close range, causing fatal injury to the chest. Forensic reports confirmed that the shot was fired with direct intention to cause death."
307,Assault with intent to kill. The victim survived the brutal assault due to timely medical intervention.,The accused Vikram Rathore fired two rounds from a pistol at Mohan in Obour due to commercial rivalry. One bullet grazed the victim's shoulder. The police registered a case of attempt to murder under Section 307.
300,Culpable homicide amounting to murder. The accused with intent to cause death attacked the victim with a dangerous weapon.,"The accused Rahul Verma suspected his business partner Harish of embezzlement. On 10th October 2023, Rahul Verma lured Harish to an abandoned warehouse in Kanpur and strangled him to death. The body was later disposed of in a nearby canal."
498A,"Harassment, abuse, and mental torture inflicted upon the wife by her in-laws, leading to police complaint.","The victim Meena of Indore committed suicide after continuous harassment by her husband Manoj Bajpayee and his relatives. The police found diary entries detailing constant taunts and physical abuse, prompting charges under Section 498A."
302,Liability under section 302 for taking the life of a person with malice and pre-planning.,"The Sessions Court of Pune found the accused Anil Mehta guilty of murder under Section 302. On 5th November 2023, the accused had murdered his neighbor Seema with a sharp knife in broad daylight. The court sentenced the convict to life imprisonment."
376,Offense of rape defined under Section 375 and punishable under Section 376. Non-consensual sexual act.,"In Kolkata, the accused Umesh Chandra entered the victim Vivek's residence when she was alone on 4th July 2024 and subjected her to sexual assault. The medical examination confirmed signs of physical struggle and non-consensual intercourse."
302,Trial for committing murder where the state seeks life imprisonment or capital punishment for the heinous offense.,"A charge sheet was filed under Section 302 against Rajesh Kumar for the premeditated killing of Seema in Bengaluru. The accused had used a wooden stick to inflict ten deep wounds, ensuring the death of the victim."
376,Punishment for sexual assault and rape. The accused committed sexual intercourse with the victim without consent or against her will.,The trial court convicted Pankaj Tripathi under Section 376 for the gang rape/rape of the survivor in Lucknow. The survivor testified that the accused abducted her on 10th October 2023 and committed the heinous offense in a moving vehicle.
300,"The accused with full knowledge that the act is so imminently dangerous that it must in all probability cause death, committed murder.","On the night of 30th December 2024, the accused Rahul Verma engaged in a heated argument with the victim Anita over a property boundary in Kanpur. The accused subsequently went inside, fetched a axe, and inflicted multiple blows on the victim's head, causing instant death."
307,"Attempt to commit murder. The accused performed an act with such intention and under such circumstances that if death occurred, it would be murder.","The accused Ramesh Sen mixed pesticide in the tea served to Sandeep in Chandigarh. The victim sensed the strange odor and spat it out, but still suffered minor poisoning. Charged with attempt to murder under Section 307."
302,Punishment for murder. The accused stands charged with committing murder and is liable to be punished with death or imprisonment for life.,"The Sessions Court of Surat found the accused Umesh Chandra guilty of murder under Section 302. On 18th May 2025, the accused had murdered his neighbor Kiran with a dagger in broad daylight. The court sentenced the convict to life imprisonment."
401,Conspiracy to commit theft by a professional gang. Accused were caught patrolling residential areas with intention to steal.,"On 12th January 2025, the police raided a hideout in Thane and arrested four gang members, including Rahul Verma. Stolen jewelry worth Rs. 150,000 was recovered. The gang had been habitually committing house thefts in the region."
302,Criminal prosecution for murder under IPC Section 302. Conviction entails rigorous life imprisonment and monetary fine.,State vs Aakash Roy: The accused was indicted under Section 302 for the murder of Pooja in Hyderabad. Eyewitness testimonies and the recovery of the sickle at the instance of the accused established guilt beyond reasonable doubt.
420,Corporate scam and misrepresentation. The suspect cheated investors of millions by showing forged balance sheets.,"The accused Karan Johar misrepresented himself as a registered financial broker and collected Rs. 300,000 from the victim Abhishek in Nagpur. He generated fake investment certificates and siphoned the entire capital."
498A,Domestic violence and cruelty under Section 498A. Demands for cash and vehicles by husband and in-laws.,A case under Section 498A was registered against Vijay Yadav in Bengaluru. The victim alleged that she was physically assaulted and mentally harassed by her husband and sister-in-law for not bringing a luxury sedan in dowry.
302,Trial for committing murder where the state seeks life imprisonment or capital punishment for the heinous offense.,"The Sessions Court of Hyderabad found the accused Umesh Chandra guilty of murder under Section 302. On 30th December 2024, the accused had murdered his neighbor Sandeep with a pistol in broad daylight. The court sentenced the convict to life imprisonment."
300,Culpable homicide amounting to murder. The accused with intent to cause death attacked the victim with a dangerous weapon.,"A land dispute between Rohan Das and Pooja in Ahmedabad turned violent. Rohan Das loaded a wooden stick and shot Pooja from close range, causing fatal injury to the chest. Forensic reports confirmed that the shot was fired with direct intention to cause death."
498A,Husband or relative of husband of a woman subjecting her to cruelty. Physical and mental harassment for dowry demands.,"The victim Seema of Obour committed suicide after continuous harassment by her husband Umesh Chandra and his relatives. The police found diary entries detailing constant taunts and physical abuse, prompting charges under Section 498A."
376,Prosecution for rape under Section 376. The victim's testimony was corroborated by medical evidence and forensic DNA reports.,A case under Section 376 was registered against Arjun Kapoor in Jaipur. The victim alleged that she was drugged at a party and sexually assaulted while unconscious. The police recovered CCTV footage verifying the presence of the accused.
420,Cheating and dishonestly inducing delivery of property. The accused deceived the complainant and dishonestly induced them to deliver cash or property.,"The complainant alleged that the accused Manish Paul running a bogus real estate firm in Obour promised to deliver a 2BHK flat. The complainant paid Rs. 1,200,000 on 23rd March 2024, after which the accused locked the office and fled."
498A,Husband or relative of husband of a woman subjecting her to cruelty. Physical and mental harassment for dowry demands.,"The complainant Seema filed a complaint in Bhopal alleging that her husband Vikram Rathore and mother-in-law subjected her to severe cruelty since their marriage on 18th May 2025. They repeatedly demanded Rs. 5,000,000 as additional dowry."
401,Conspiracy to commit theft by a professional gang. Accused were caught patrolling residential areas with intention to steal.,"On 23rd March 2024, the police raided a hideout in Patna and arrested four gang members, including Rahul Verma. Stolen jewelry worth Rs. 5,000,000 was recovered. The gang had been habitually committing house thefts in the region."
498A,Domestic violence and cruelty under Section 498A. Demands for cash and vehicles by husband and in-laws.,"On 18th May 2025, the complainant filed an FIR at the women's police station in Kanpur against Umesh Chandra (husband). She stated that she was kicked out of the house at midnight because her family could not pay Rs. 300,000 demanded by the in-laws."
420,Financial fraud and cheating under Section 420. Deception practiced to obtain monetary benefit fraudulently.,"The complainant alleged that the accused Rohan Das running a bogus real estate firm in Bhopal promised to deliver a 2BHK flat. The complainant paid Rs. 250,000 on 15th August 2024, after which the accused locked the office and fled."
498A,"Harassment, abuse, and mental torture inflicted upon the wife by her in-laws, leading to police complaint.",A case under Section 498A was registered against Karan Johar in Nagpur. The victim alleged that she was physically assaulted and mentally harassed by her husband and sister-in-law for not bringing a luxury sedan in dowry.
498A,Cruelty by husband and relatives. Complainant was locked in a room and denied food for failing to bring dowry.,"The complainant Geeta filed a complaint in Vadodara alleging that her husband Manish Paul and mother-in-law subjected her to severe cruelty since their marriage on 23rd March 2024. They repeatedly demanded Rs. 1,000,000 as additional dowry."
307,"Attempt to murder under Section 307. Accused fired at the victim or stabbed them, causing near-fatal injuries.","The accused Vikram Rathore mixed pesticide in the tea served to Anita in Indore. The victim sensed the strange odor and spat it out, but still suffered minor poisoning. Charged with attempt to murder under Section 307."
420,Cheating and dishonestly inducing delivery of property. The accused deceived the complainant and dishonestly induced them to deliver cash or property.,"In Lucknow, the police arrested Umesh Chandra for running an online job scam. The accused cheated over fifty youngsters of Rs. 300,000 each, promising them government jobs and issuing fake appointment letters on 29th September 2024."
300,"The accused with full knowledge that the act is so imminently dangerous that it must in all probability cause death, committed murder.","In the jurisdiction of Surat, the prosecution proved that Ramesh Sen deliberately poisoned the meal of Divya with arsenic. The victim consumed the poisoned meal, suffered severe internal hemorrhage, and passed away on 4th July 2024 at the local hospital."
401,"Section 401 prosecution for gang theft. Police recovered stolen jewelry, vehicles, and break-in tools from the gang's hideout.","On 29th September 2024, the police raided a hideout in Delhi and arrested four gang members, including Anil Mehta. Stolen jewelry worth Rs. 800,000 was recovered. The gang had been habitually committing house thefts in the region."
376,Offense of rape defined under Section 375 and punishable under Section 376. Non-consensual sexual act.,A case under Section 376 was registered against Anil Mehta in Surat. The victim alleged that she was drugged at a party and sexually assaulted while unconscious. The police recovered CCTV footage verifying the presence of the accused.
307,Assault with intent to kill. The victim survived the brutal assault due to timely medical intervention.,"On 10th October 2023, the accused Rajesh Kumar intercepted the victim Vivek in Hyderabad and stabbed him in the abdomen with a pistol. The victim survived after undergoing a five-hour emergency surgery. The accused is charged under Section 307."
420,Cheating and dishonestly inducing delivery of property. The accused deceived the complainant and dishonestly induced them to deliver cash or property.,"The complainant alleged that the accused Arjun Kapoor running a bogus real estate firm in Bhopal promised to deliver a 2BHK flat. The complainant paid Rs. 1,000,000 on 12th January 2025, after which the accused locked the office and fled."
498A,Husband or relative of husband of a woman subjecting her to cruelty. Physical and mental harassment for dowry demands.,"On 5th November 2023, the complainant filed an FIR at the women's police station in Thane against Vijay Yadav (husband). She stated that she was kicked out of the house at midnight because her family could not pay Rs. 300,000 demanded by the in-laws."
498A,Domestic violence and cruelty under Section 498A. Demands for cash and vehicles by husband and in-laws.,"The victim Abhishek of Indore committed suicide after continuous harassment by her husband Vijay Yadav and his relatives. The police found diary entries detailing constant taunts and physical abuse, prompting charges under Section 498A."
300,"The accused with full knowledge that the act is so imminently dangerous that it must in all probability cause death, committed murder.","In the jurisdiction of Bengaluru, the prosecution proved that Arjun Kapoor deliberately poisoned the meal of Divya with arsenic. The victim consumed the poisoned meal, suffered severe internal hemorrhage, and passed away on 10th October 2023 at the local hospital."
300,Culpable homicide amounting to murder. The accused with intent to cause death attacked the victim with a dangerous weapon.,"On the night of 23rd March 2024, the accused Umesh Chandra engaged in a heated argument with the victim Geeta over a property boundary in Pune. The accused subsequently went inside, fetched a sickle, and inflicted multiple blows on the victim's head, causing instant death."
307,"Violent attack with a lethal weapon with clear intent to end the victim's life, resulting in hospitalization.","The accused Rohan Das mixed pesticide in the tea served to Kiran in Nagpur. The victim sensed the strange odor and spat it out, but still suffered minor poisoning. Charged with attempt to murder under Section 307."
401,Conspiracy to commit theft by a professional gang. Accused were caught patrolling residential areas with intention to steal.,"The police busted an active criminal gang in Kanpur that specialized in highway thefts. The accused Karan Johar and his accomplices were arrested, and stolen laptops, mobile phones, and cash were seized. Charged under Section 401."
401,Punishment for belonging to a gang of thieves. The accused was found associated with a group of persons associated for the purpose of habitually committing theft.,"The police busted an active criminal gang in Ahmedabad that specialized in highway thefts. The accused Manish Paul and his accomplices were arrested, and stolen laptops, mobile phones, and cash were seized. Charged under Section 401."
300,Commission of homicide where the bodily injury intended to be inflicted is sufficient in the ordinary course of nature to cause death.,"On the night of 15th August 2024, the accused Rahul Verma engaged in a heated argument with the victim Pooja over a property boundary in Delhi. The accused subsequently went inside, fetched a pistol, and inflicted multiple blows on the victim's head, causing instant death."
300,"The accused with full knowledge that the act is so imminently dangerous that it must in all probability cause death, committed murder.","A land dispute between Arjun Kapoor and Abhishek in Kanpur turned violent. Arjun Kapoor loaded a pistol and shot Abhishek from close range, causing fatal injury to the chest. Forensic reports confirmed that the shot was fired with direct intention to cause death."
302,Trial for committing murder where the state seeks life imprisonment or capital punishment for the heinous offense.,"The Sessions Court of Ahmedabad found the accused Vijay Yadav guilty of murder under Section 302. On 12th January 2025, the accused had murdered his neighbor Abhishek with a revolver in broad daylight. The court sentenced the convict to life imprisonment."
300,"The accused with full knowledge that the act is so imminently dangerous that it must in all probability cause death, committed murder.","On the night of 4th July 2024, the accused Amit Singh engaged in a heated argument with the victim Anita over a property boundary in Chandigarh. The accused subsequently went inside, fetched a sickle, and inflicted multiple blows on the victim's head, causing instant death."
307,"Violent attack with a lethal weapon with clear intent to end the victim's life, resulting in hospitalization.","The accused Manoj Bajpayee mixed pesticide in the tea served to Geeta in Vadodara. The victim sensed the strange odor and spat it out, but still suffered minor poisoning. Charged with attempt to murder under Section 307."
401,Conspiracy to commit theft by a professional gang. Accused were caught patrolling residential areas with intention to steal.,"The police busted an active criminal gang in Indore that specialized in highway thefts. The accused Sanjay Dutt and his accomplices were arrested, and stolen laptops, mobile phones, and cash were seized. Charged under Section 401."
307,"Attempt to commit murder. The accused performed an act with such intention and under such circumstances that if death occurred, it would be murder.","The accused Rohan Das mixed pesticide in the tea served to Mohan in Mumbai. The victim sensed the strange odor and spat it out, but still suffered minor poisoning. Charged with attempt to murder under Section 307."
420,Cheating and dishonestly inducing delivery of property. The accused deceived the complainant and dishonestly induced them to deliver cash or property.,"The complainant alleged that the accused Anil Mehta running a bogus real estate firm in Chandigarh promised to deliver a 2BHK flat. The complainant paid Rs. 50,000 on 30th December 2024, after which the accused locked the office and fled."
302,Trial for committing murder where the state seeks life imprisonment or capital punishment for the heinous offense.,"The Sessions Court of Mumbai found the accused Rahul Verma guilty of murder under Section 302. On 5th November 2023, the accused had murdered his neighbor Vivek with a wooden stick in broad daylight. The court sentenced the convict to life imprisonment."
302,Trial for committing murder where the state seeks life imprisonment or capital punishment for the heinous offense.,"The Sessions Court of Indore found the accused Harish Iyer guilty of murder under Section 302. On 12th January 2025, the accused had murdered his neighbor Meena with a dagger in broad daylight. The court sentenced the convict to life imprisonment."
376,Punishment for sexual assault and rape. The accused committed sexual intercourse with the victim without consent or against her will.,A case under Section 376 was registered against Umesh Chandra in Mumbai. The victim alleged that she was drugged at a party and sexually assaulted while unconscious. The police recovered CCTV footage verifying the presence of the accused.
376,Prosecution for rape under Section 376. The victim's testimony was corroborated by medical evidence and forensic DNA reports.,The victim filed a First Information Report (FIR) in Ahmedabad stating that the accused Rahul Verma committed rape under the false promise of marriage. The accused later refused to marry her and threatened her with dire consequences.
302,Criminal prosecution for murder under IPC Section 302. Conviction entails rigorous life imprisonment and monetary fine.,"The Sessions Court of Ahmedabad found the accused Karan Johar guilty of murder under Section 302. On 29th September 2024, the accused had murdered his neighbor Abhishek with a axe in broad daylight. The court sentenced the convict to life imprisonment."
302,Punishment for murder. The accused stands charged with committing murder and is liable to be punished with death or imprisonment for life.,"The Sessions Court of Patna found the accused Vijay Yadav guilty of murder under Section 302. On 10th October 2023, the accused had murdered his neighbor Maya with a iron rod in broad daylight. The court sentenced the convict to life imprisonment."
307,"Attempt to murder under Section 307. Accused fired at the victim or stabbed them, causing near-fatal injuries.","The accused Rahul Verma mixed pesticide in the tea served to Gopal in Hyderabad. The victim sensed the strange odor and spat it out, but still suffered minor poisoning. Charged with attempt to murder under Section 307."
376,"Accusation of sexual assault under Section 376 where consent was obtained through coercion, threat, or false promise of marriage.",The victim filed a First Information Report (FIR) in Thane stating that the accused Rohan Das committed rape under the false promise of marriage. The accused later refused to marry her and threatened her with dire consequences.
300,Commission of homicide where the bodily injury intended to be inflicted is sufficient in the ordinary course of nature to cause death.,"On the night of 23rd March 2024, the accused Umesh Chandra engaged in a heated argument with the victim Vijay over a property boundary in Jaipur. The accused subsequently went inside, fetched a sharp knife, and inflicted multiple blows on the victim's head, causing instant death."
302,Liability under section 302 for taking the life of a person with malice and pre-planning.,The High Court upheld the life sentence of Pankaj Tripathi for committing murder under Section 302. The victim Anita was brutally beaten to death in Kolkata over an ancestral family feud on 5th November 2023.
498A,Domestic violence and cruelty under Section 498A. Demands for cash and vehicles by husband and in-laws.,"The victim Radha of Surat committed suicide after continuous harassment by her husband Harish Iyer and his relatives. The police found diary entries detailing constant taunts and physical abuse, prompting charges under Section 498A."
376,Punishment for sexual assault and rape. The accused committed sexual intercourse with the victim without consent or against her will.,The victim filed a First Information Report (FIR) in Ahmedabad stating that the accused Manish Paul committed rape under the false promise of marriage. The accused later refused to marry her and threatened her with dire consequences.
376,Prosecution for rape under Section 376. The victim's testimony was corroborated by medical evidence and forensic DNA reports.,A case under Section 376 was registered against Ramesh Sen in Chandigarh. The victim alleged that she was drugged at a party and sexually assaulted while unconscious. The police recovered CCTV footage verifying the presence of the accused.
300,Intentionally causing bodily injury leading to the death of the victim. The assailant struck the victim repeatedly on vital organs.,"On the night of 30th December 2024, the accused Vijay Yadav engaged in a heated argument with the victim Mohan over a property boundary in Obour. The accused subsequently went inside, fetched a axe, and inflicted multiple blows on the victim's head, causing instant death."
307,"Violent attack with a lethal weapon with clear intent to end the victim's life, resulting in hospitalization.",The accused Manoj Bajpayee fired two rounds from a dagger at Alok in Patna due to commercial rivalry. One bullet grazed the victim's shoulder. The police registered a case of attempt to murder under Section 307.
307,Assault with intent to kill. The victim survived the brutal assault due to timely medical intervention.,"During a political rally in Amritsar on 12th January 2025, Sanjay Dutt tried to strangulate Raj with a wire. Bystanders intervened and rescued the victim, who was unconscious. A case under Section 307 was registered against the assailant."
401,Apprehension of active gang members committing habitual housebreaking and theft.,"A patrolling squad in Mumbai intercepted five individuals, including Manoj Bajpayee, on 10th October 2023. The suspects were carrying housebreaking tools, iron rods, and masks. Investigation revealed they belonged to a notorious gang of thieves operating under Section 401."
420,Online phishing and transaction fraud. The accused induced the victim to share bank credentials and stole funds.,"The accused Harish Iyer misrepresented himself as a registered financial broker and collected Rs. 50,000 from the victim Mohan in Surat. He generated fake investment certificates and siphoned the entire capital."
401,Punishment for belonging to a gang of thieves. The accused was found associated with a group of persons associated for the purpose of habitually committing theft.,A gang of habitual car thieves was apprehended in Indore. The accused Ramesh Sen was found to be the mastermind who dismantled stolen cars and sold spare parts. The prosecution pressed charges under Section 401.
300,Commission of homicide where the bodily injury intended to be inflicted is sufficient in the ordinary course of nature to cause death.,"A land dispute between Anil Mehta and Divya in Hyderabad turned violent. Anil Mehta loaded a sharp knife and shot Divya from close range, causing fatal injury to the chest. Forensic reports confirmed that the shot was fired with direct intention to cause death."
401,"Section 401 prosecution for gang theft. Police recovered stolen jewelry, vehicles, and break-in tools from the gang's hideout.","The police busted an active criminal gang in Hyderabad that specialized in highway thefts. The accused Suresh Sharma and his accomplices were arrested, and stolen laptops, mobile phones, and cash were seized. Charged under Section 401."
307,"Attempt to commit murder. The accused performed an act with such intention and under such circumstances that if death occurred, it would be murder.","During a political rally in Mumbai on 10th October 2023, Aakash Roy tried to strangulate Meena with a wire. Bystanders intervened and rescued the victim, who was unconscious. A case under Section 307 was registered against the assailant."
300,"The accused with full knowledge that the act is so imminently dangerous that it must in all probability cause death, committed murder.","The accused Vikram Rathore suspected his business partner Vivek of embezzlement. On 15th August 2024, Vikram Rathore lured Vivek to an abandoned warehouse in Chandigarh and strangled him to death. The body was later disposed of in a nearby canal."
300,Intentionally causing bodily injury leading to the death of the victim. The assailant struck the victim repeatedly on vital organs.,"On the night of 5th November 2023, the accused Karan Johar engaged in a heated argument with the victim Sameer over a property boundary in Vadodara. The accused subsequently went inside, fetched a revolver, and inflicted multiple blows on the victim's head, causing instant death."
498A,Husband or relative of husband of a woman subjecting her to cruelty. Physical and mental harassment for dowry demands.,"The victim Divya of Nagpur committed suicide after continuous harassment by her husband Harish Iyer and his relatives. The police found diary entries detailing constant taunts and physical abuse, prompting charges under Section 498A."
376,"Accusation of sexual assault under Section 376 where consent was obtained through coercion, threat, or false promise of marriage.",A case under Section 376 was registered against Rahul Verma in Kanpur. The victim alleged that she was drugged at a party and sexually assaulted while unconscious. The police recovered CCTV footage verifying the presence of the accused.
498A,Husband or relative of husband of a woman subjecting her to cruelty. Physical and mental harassment for dowry demands.,A case under Section 498A was registered against Amit Singh in Surat. The victim alleged that she was physically assaulted and mentally harassed by her husband and sister-in-law for not bringing a luxury sedan in dowry.
300,Commission of homicide where the bodily injury intended to be inflicted is sufficient in the ordinary course of nature to cause death.,"In the jurisdiction of Hyderabad, the prosecution proved that Sanjay Dutt deliberately poisoned the meal of Mohan with arsenic. The victim consumed the poisoned meal, suffered severe internal hemorrhage, and passed away on 23rd March 2024 at the local hospital."
302,Liability under section 302 for taking the life of a person with malice and pre-planning.,State vs Sanjay Dutt: The accused was indicted under Section 302 for the murder of Abhishek in Obour. Eyewitness testimonies and the recovery of the iron rod at the instance of the accused established guilt beyond reasonable doubt.
376,Punishment for sexual assault and rape. The accused committed sexual intercourse with the victim without consent or against her will.,A case under Section 376 was registered against Rohan Das in Kanpur. The victim alleged that she was drugged at a party and sexually assaulted while unconscious. The police recovered CCTV footage verifying the presence of the accused.
498A,Husband or relative of husband of a woman subjecting her to cruelty. Physical and mental harassment for dowry demands.,"The victim Vijay of Amritsar committed suicide after continuous harassment by her husband Sunil Dutt and his relatives. The police found diary entries detailing constant taunts and physical abuse, prompting charges under Section 498A."
498A,Husband or relative of husband of a woman subjecting her to cruelty. Physical and mental harassment for dowry demands.,"On 10th October 2023, the complainant filed an FIR at the women's police station in Delhi against Pankaj Tripathi (husband). She stated that she was kicked out of the house at midnight because her family could not pay Rs. 50,000 demanded by the in-laws."
307,"Attempt to commit murder. The accused performed an act with such intention and under such circumstances that if death occurred, it would be murder.",The accused Amit Singh fired two rounds from a sharp knife at Divya in Lucknow due to commercial rivalry. One bullet grazed the victim's shoulder. The police registered a case of attempt to murder under Section 307.
300,Culpable homicide amounting to murder. The accused with intent to cause death attacked the victim with a dangerous weapon.,"On the night of 23rd March 2024, the accused Harish Iyer engaged in a heated argument with the victim Gopal over a property boundary in Indore. The accused subsequently went inside, fetched a pistol, and inflicted multiple blows on the victim's head, causing instant death."
420,Online phishing and transaction fraud. The accused induced the victim to share bank credentials and stole funds.,"The accused Manoj Bajpayee forged ownership documents of a commercial land plot in Thane and sold it to Meena for Rs. 150,000. The fraud was discovered when the victim applied for a building permit."
498A,"Harassment, abuse, and mental torture inflicted upon the wife by her in-laws, leading to police complaint.","The complainant Harish filed a complaint in Vadodara alleging that her husband Sanjay Dutt and mother-in-law subjected her to severe cruelty since their marriage on 5th November 2023. They repeatedly demanded Rs. 300,000 as additional dowry."
300,Culpable homicide amounting to murder. The accused with intent to cause death attacked the victim with a dangerous weapon.,"On the night of 30th December 2024, the accused Manoj Bajpayee engaged in a heated argument with the victim Mohan over a property boundary in Chandigarh. The accused subsequently went inside, fetched a revolver, and inflicted multiple blows on the victim's head, causing instant death."
307,"Attempt to murder under Section 307. Accused fired at the victim or stabbed them, causing near-fatal injuries.","The accused Aakash Roy mixed pesticide in the tea served to Meena in Ahmedabad. The victim sensed the strange odor and spat it out, but still suffered minor poisoning. Charged with attempt to murder under Section 307."
498A,Husband or relative of husband of a woman subjecting her to cruelty. Physical and mental harassment for dowry demands.,"The complainant Abhishek filed a complaint in Vadodara alleging that her husband Karan Johar and mother-in-law subjected her to severe cruelty since their marriage on 18th May 2025. They repeatedly demanded Rs. 300,000 as additional dowry."
420,Financial fraud and cheating under Section 420. Deception practiced to obtain monetary benefit fraudulently.,"The accused Aakash Roy forged ownership documents of a commercial land plot in Lucknow and sold it to Abhishek for Rs. 300,000. The fraud was discovered when the victim applied for a building permit."
420,Financial fraud and cheating under Section 420. Deception practiced to obtain monetary benefit fraudulently.,"The complainant alleged that the accused Deepak Gupta running a bogus real estate firm in Delhi promised to deliver a 2BHK flat. The complainant paid Rs. 150,000 on 29th September 2024, after which the accused locked the office and fled."
302,Liability under section 302 for taking the life of a person with malice and pre-planning.,State vs Suresh Sharma: The accused was indicted under Section 302 for the murder of Komal in Kanpur. Eyewitness testimonies and the recovery of the revolver at the instance of the accused established guilt beyond reasonable doubt.
498A,Cruelty by husband and relatives. Complainant was locked in a room and denied food for failing to bring dowry.,"The victim Komal of Obour committed suicide after continuous harassment by her husband Umesh Chandra and his relatives. The police found diary entries detailing constant taunts and physical abuse, prompting charges under Section 498A."
376,Offense of rape defined under Section 375 and punishable under Section 376. Non-consensual sexual act.,The victim filed a First Information Report (FIR) in Amritsar stating that the accused Deepak Gupta committed rape under the false promise of marriage. The accused later refused to marry her and threatened her with dire consequences.
376,Prosecution for rape under Section 376. The victim's testimony was corroborated by medical evidence and forensic DNA reports.,The trial court convicted Anil Mehta under Section 376 for the gang rape/rape of the survivor in Mumbai. The survivor testified that the accused abducted her on 12th January 2025 and committed the heinous offense in a moving vehicle.
300,"The accused with full knowledge that the act is so imminently dangerous that it must in all probability cause death, committed murder.","On the night of 5th November 2023, the accused Harish Iyer engaged in a heated argument with the victim Seema over a property boundary in Lucknow. The accused subsequently went inside, fetched a wooden stick, and inflicted multiple blows on the victim's head, causing instant death."
401,"Section 401 prosecution for gang theft. Police recovered stolen jewelry, vehicles, and break-in tools from the gang's hideout.","A patrolling squad in Lucknow intercepted five individuals, including Rajesh Kumar, on 5th November 2023. The suspects were carrying housebreaking tools, iron rods, and masks. Investigation revealed they belonged to a notorious gang of thieves operating under Section 401."
307,Assault with intent to kill. The victim survived the brutal assault due to timely medical intervention.,"During a political rally in Pune on 15th August 2024, Harish Iyer tried to strangulate Vijay with a wire. Bystanders intervened and rescued the victim, who was unconscious. A case under Section 307 was registered against the assailant."
498A,Cruelty by husband and relatives. Complainant was locked in a room and denied food for failing to bring dowry.,"The complainant Geeta filed a complaint in Obour alleging that her husband Rajesh Kumar and mother-in-law subjected her to severe cruelty since their marriage on 5th November 2023. They repeatedly demanded Rs. 300,000 as additional dowry."
307,"Violent attack with a lethal weapon with clear intent to end the victim's life, resulting in hospitalization.",The accused Arjun Kapoor fired two rounds from a wooden stick at Pooja in Vadodara due to commercial rivalry. One bullet grazed the victim's shoulder. The police registered a case of attempt to murder under Section 307.
401,Punishment for belonging to a gang of thieves. The accused was found associated with a group of persons associated for the purpose of habitually committing theft.,"A patrolling squad in Pune intercepted five individuals, including Karan Johar, on 10th October 2023. The suspects were carrying housebreaking tools, iron rods, and masks. Investigation revealed they belonged to a notorious gang of thieves operating under Section 401."
401,"Section 401 prosecution for gang theft. Police recovered stolen jewelry, vehicles, and break-in tools from the gang's hideout.",A gang of habitual car thieves was apprehended in Delhi. The accused Manoj Bajpayee was found to be the mastermind who dismantled stolen cars and sold spare parts. The prosecution pressed charges under Section 401.
498A,Cruelty by husband and relatives. Complainant was locked in a room and denied food for failing to bring dowry.,A case under Section 498A was registered against Sanjay Dutt in Jaipur. The victim alleged that she was physically assaulted and mentally harassed by her husband and sister-in-law for not bringing a luxury sedan in dowry.
420,Online phishing and transaction fraud. The accused induced the victim to share bank credentials and stole funds.,"The accused Suresh Sharma forged ownership documents of a commercial land plot in Ahmedabad and sold it to Sandeep for Rs. 800,000. The fraud was discovered when the victim applied for a building permit."
498A,Cruelty by husband and relatives. Complainant was locked in a room and denied food for failing to bring dowry.,"On 30th December 2024, the complainant filed an FIR at the women's police station in Patna against Sunil Dutt (husband). She stated that she was kicked out of the house at midnight because her family could not pay Rs. 300,000 demanded by the in-laws."
401,Conspiracy to commit theft by a professional gang. Accused were caught patrolling residential areas with intention to steal.,"On 5th November 2023, the police raided a hideout in Chandigarh and arrested four gang members, including Aakash Roy. Stolen jewelry worth Rs. 50,000 was recovered. The gang had been habitually committing house thefts in the region."
302,Liability under section 302 for taking the life of a person with malice and pre-planning.,"A charge sheet was filed under Section 302 against Deepak Gupta for the premeditated killing of Maya in Lucknow. The accused had used a revolver to inflict ten deep wounds, ensuring the death of the victim."
420,Financial fraud and cheating under Section 420. Deception practiced to obtain monetary benefit fraudulently.,"In Bengaluru, the police arrested Rohan Das for running an online job scam. The accused cheated over fifty youngsters of Rs. 1,000,000 each, promising them government jobs and issuing fake appointment letters on 18th May 2025."
376,Prosecution for rape under Section 376. The victim's testimony was corroborated by medical evidence and forensic DNA reports.,"In Vadodara, the accused Pankaj Tripathi entered the victim Gopal's residence when she was alone on 29th September 2024 and subjected her to sexual assault. The medical examination confirmed signs of physical struggle and non-consensual intercourse."
376,"Accusation of sexual assault under Section 376 where consent was obtained through coercion, threat, or false promise of marriage.",The trial court convicted Umesh Chandra under Section 376 for the gang rape/rape of the survivor in Kanpur. The survivor testified that the accused abducted her on 18th May 2025 and committed the heinous offense in a moving vehicle.
376,Punishment for sexual assault and rape. The accused committed sexual intercourse with the victim without consent or against her will.,"In Kolkata, the accused Manish Paul entered the victim Vijay's residence when she was alone on 23rd March 2024 and subjected her to sexual assault. The medical examination confirmed signs of physical struggle and non-consensual intercourse."
307,"Attempt to commit murder. The accused performed an act with such intention and under such circumstances that if death occurred, it would be murder.","During a political rally in Kolkata on 12th January 2025, Deepak Gupta tried to strangulate Seema with a wire. Bystanders intervened and rescued the victim, who was unconscious. A case under Section 307 was registered against the assailant."
420,Financial fraud and cheating under Section 420. Deception practiced to obtain monetary benefit fraudulently.,"In Lucknow, the police arrested Anil Mehta for running an online job scam. The accused cheated over fifty youngsters of Rs. 75,000 each, promising them government jobs and issuing fake appointment letters on 5th November 2023."
401,Apprehension of active gang members committing habitual housebreaking and theft.,A gang of habitual car thieves was apprehended in Bhopal. The accused Rajesh Kumar was found to be the mastermind who dismantled stolen cars and sold spare parts. The prosecution pressed charges under Section 401.
498A,Husband or relative of husband of a woman subjecting her to cruelty. Physical and mental harassment for dowry demands.,"On 5th November 2023, the complainant filed an FIR at the women's police station in Hyderabad against Sunil Dutt (husband). She stated that she was kicked out of the house at midnight because her family could not pay Rs. 250,000 demanded by the in-laws."
376,Offense of rape defined under Section 375 and punishable under Section 376. Non-consensual sexual act.,The trial court convicted Manish Paul under Section 376 for the gang rape/rape of the survivor in Patna. The survivor testified that the accused abducted her on 10th October 2023 and committed the heinous offense in a moving vehicle.
498A,"Harassment, abuse, and mental torture inflicted upon the wife by her in-laws, leading to police complaint.",A case under Section 498A was registered against Manish Paul in Mumbai. The victim alleged that she was physically assaulted and mentally harassed by her husband and sister-in-law for not bringing a luxury sedan in dowry.
420,Financial fraud and cheating under Section 420. Deception practiced to obtain monetary benefit fraudulently.,"In Patna, the police arrested Rajesh Kumar for running an online job scam. The accused cheated over fifty youngsters of Rs. 250,000 each, promising them government jobs and issuing fake appointment letters on 10th October 2023."
376,"Accusation of sexual assault under Section 376 where consent was obtained through coercion, threat, or false promise of marriage.",A case under Section 376 was registered against Sanjay Dutt in Chandigarh. The victim alleged that she was drugged at a party and sexually assaulted while unconscious. The police recovered CCTV footage verifying the presence of the accused.
302,Criminal prosecution for murder under IPC Section 302. Conviction entails rigorous life imprisonment and monetary fine.,"A charge sheet was filed under Section 302 against Ramesh Sen for the premeditated killing of Raj in Kolkata. The accused had used a axe to inflict ten deep wounds, ensuring the death of the victim."
302,Trial for committing murder where the state seeks life imprisonment or capital punishment for the heinous offense.,"The Sessions Court of Lucknow found the accused Sanjay Dutt guilty of murder under Section 302. On 15th August 2024, the accused had murdered his neighbor Kiran with a sickle in broad daylight. The court sentenced the convict to life imprisonment."
